DELETE FROM services;
DELETE FROM users;

-- Очистка таблицы
INSERT INTO users (
        id,
        name,
        mail,
        password,
        place_service,
        place_review,
        use_service,
        registration_date,
        last_enter,
        last_update
    )
VALUES
    (
        '123e4567-e89b-12d3-a456-426614174000',
        'Oleg',
        'olegbobrik@urk.ua',
        'exsensesium',
        TRUE,
        TRUE,
        TRUE,
        '2014-10-21 12:00:00', 
        '2024-10-25 12:00:00', 
        '2024-10-30 12:00:00' 
    ),
    (
        '123e4567-e89b-12d3-a456-426614174001',
        'Kalok',
        'kalak@mail.ru',
        'jahan',
        TRUE,
        TRUE,
        FALSE,
        '2024-09-20 12:00:00',
        '2024-10-28 12:00:00',
        '2024-10-30 12:00:00' 
    ),
    (
        '123e4567-e89b-12d3-a456-426614174002', 
        'Vladick',
        'vladed@gmail.com',
        'elvlado',
        TRUE,
        FALSE,
        TRUE,
        '2024-07-22 12:00:00', 
        '2024-10-29 12:00:00', 
        '2024-10-30 12:00:00' 
    );

DELETE FROM games;
DELETE FROM services_category;
ALTER SEQUENCE games_id_seq RESTART WITH 1;
ALTER SEQUENCE services_category_id_seq RESTART WITH 1;

INSERT INTO games (name) VALUES ('dota'),('csgo'),('wow');
INSERT INTO services_category (name, game_id) VALUES
('accounts', 1),
('boosr', 1),
('reputation', 1),
('accounts', 2),
('trainig', 2),
('goldsell', 3),
('raidcomplete', 3);

DELETE FROM messages;
ALTER SEQUENCE messages_id_seq RESTART WITH 1;
INSERT INTO messages (sender_id, recipient_id, message_text, send_date) VALUES
('123e4567-e89b-12d3-a456-426614174000', '123e4567-e89b-12d3-a456-426614174002', 'dp1eywg61z', '2024-10-11 22:27:15'),
('123e4567-e89b-12d3-a456-426614174002', '123e4567-e89b-12d3-a456-426614174000', 'iw3uyupi4n', '2024-09-24 22:27:15'),
('123e4567-e89b-12d3-a456-426614174000', '123e4567-e89b-12d3-a456-426614174001', 'a8bn5fdzq1', '2024-10-05 22:27:15'),
('123e4567-e89b-12d3-a456-426614174000', '123e4567-e89b-12d3-a456-426614174001', 'mg20mlblnp', '2024-10-06 22:27:15'),
('123e4567-e89b-12d3-a456-426614174001', '123e4567-e89b-12d3-a456-426614174002', 'cf80ungcmd', '2024-10-03 22:27:15'),
('123e4567-e89b-12d3-a456-426614174002', '123e4567-e89b-12d3-a456-426614174000', '1s5fgk34c7', '2024-09-28 12:40:05'),
('123e4567-e89b-12d3-a456-426614174001', '123e4567-e89b-12d3-a456-426614174002', 'd8hs9wrq43', '2024-09-30 08:25:20'),
('123e4567-e89b-12d3-a456-426614174000', '123e4567-e89b-12d3-a456-426614174001', 'k5bzgwe9a0', '2024-09-26 15:13:35'),
('123e4567-e89b-12d3-a456-426614174001', '123e4567-e89b-12d3-a456-426614174002', 'j8y7r2q64v', '2024-10-01 17:44:50'),
('123e4567-e89b-12d3-a456-426614174000', '123e4567-e89b-12d3-a456-426614174002', 'y6u81xd8q5', '2024-09-15 10:12:40'),
('123e4567-e89b-12d3-a456-426614174002', '123e4567-e89b-12d3-a456-426614174001', 'db23nvz02j', '2024-09-22 06:58:30'),
('123e4567-e89b-12d3-a456-426614174000', '123e4567-e89b-12d3-a456-426614174002', '15hbxp08zq', '2024-10-02 16:40:22'),
('123e4567-e89b-12d3-a456-426614174001', '123e4567-e89b-12d3-a456-426614174002', 'mn5jdcljzk', '2024-09-18 19:04:19'),
('123e4567-e89b-12d3-a456-426614174002', '123e4567-e89b-12d3-a456-426614174001', '5oh9fuxb0e', '2024-09-29 13:25:44'),
('123e4567-e89b-12d3-a456-426614174000', '123e4567-e89b-12d3-a456-426614174002', '62sgzft8ks', '2024-09-25 08:12:10'),
('123e4567-e89b-12d3-a456-426614174002', '123e4567-e89b-12d3-a456-426614174000', 'a6mpt3gevs', '2024-09-21 21:03:04'),
('123e4567-e89b-12d3-a456-426614174001', '123e4567-e89b-12d3-a456-426614174000', 'p7y9al2cwr', '2024-09-14 11:48:59'),
('123e4567-e89b-12d3-a456-426614174001', '123e4567-e89b-12d3-a456-426614174002', '75fz4g3mqb', '2024-10-04 09:18:56'),
('123e4567-e89b-12d3-a456-426614174000', '123e4567-e89b-12d3-a456-426614174001', 'g1d3kzl6v5', '2024-09-13 07:13:29'),
('123e4567-e89b-12d3-a456-426614174002', '123e4567-e89b-12d3-a456-426614174000', '8s27dqfjnt', '2024-09-20 14:25:12'),
('123e4567-e89b-12d3-a456-426614174000', '123e4567-e89b-12d3-a456-426614174001', 'b20pt3vqlr', '2024-10-07 19:55:10'),
('123e4567-e89b-12d3-a456-426614174001', '123e4567-e89b-12d3-a456-426614174002', 't8m0cn9vr3', '2024-09-17 10:33:21'),
('123e4567-e89b-12d3-a456-426614174002', '123e4567-e89b-12d3-a456-426614174000', '8h6we0g5su', '2024-09-19 05:04:47'),
('123e4567-e89b-12d3-a456-426614174001', '123e4567-e89b-12d3-a456-426614174000', 'f4k8jhw30g', '2024-09-12 18:42:38'),
('123e4567-e89b-12d3-a456-426614174002', '123e4567-e89b-12d3-a456-426614174000', 'mc1v9j5ru2', '2024-10-09 12:13:52'),
('123e4567-e89b-12d3-a456-426614174000', '123e4567-e89b-12d3-a456-426614174001', 'r40ew6bkpx', '2024-09-10 08:35:14'),
('123e4567-e89b-12d3-a456-426614174000', '123e4567-e89b-12d3-a456-426614174001', '4p3gokp2sz', '2024-09-08 21:58:07'),
('123e4567-e89b-12d3-a456-426614174002', '123e4567-e89b-12d3-a456-426614174001', 'yx5ns8cwq7', '2024-10-10 22:44:56'),
('123e4567-e89b-12d3-a456-426614174001', '123e4567-e89b-12d3-a456-426614174000', '4zxj87olwm', '2024-10-04 05:57:02'),
('123e4567-e89b-12d3-a456-426614174002', '123e4567-e89b-12d3-a456-426614174001', 'm0ztwq5yo6', '2024-09-11 04:47:50');

ALTER SEQUENCE services_id_seq RESTART WITH 1;
INSERT INTO services (user_id, service_category_id, brief_desc, detailed_desc, quantity, price, create_date, update_date) VALUES
('123e4567-e89b-12d3-a456-426614174000', 1, 'Brief Desc 1', 'Detailed description 1', NULL, 100, '2023-01-01 10:00:00', '2023-01-01 10:00:00'),
('123e4567-e89b-12d3-a456-426614174001', 2, 'Brief Desc 2', 'Detailed description 2', 5, 120, '2023-01-02 10:00:00', '2023-01-02 10:00:00'),
('123e4567-e89b-12d3-a456-426614174002', 3, 'Brief Desc 3', 'Detailed description 3', 10, 90, '2023-01-03 10:00:00', '2023-01-03 10:00:00'),
('123e4567-e89b-12d3-a456-426614174000', 4, 'Brief Desc 4', 'Detailed description 4', NULL, 110, '2023-01-04 10:00:00', '2023-01-04 10:00:00'),
('123e4567-e89b-12d3-a456-426614174001', 5, 'Brief Desc 5', 'Detailed description 5', 8, 150, '2023-01-05 10:00:00', '2023-01-05 10:00:00'),
('123e4567-e89b-12d3-a456-426614174002', 6, 'Brief Desc 6', 'Detailed description 6', 12, 130, '2023-01-06 10:00:00', '2023-01-06 10:00:00'),
('123e4567-e89b-12d3-a456-426614174000', 7, 'Brief Desc 7', 'Detailed description 7', 9, 140, '2023-01-07 10:00:00', '2023-01-07 10:00:00'),
('123e4567-e89b-12d3-a456-426614174001', 1, 'Brief Desc 8', 'Detailed description 8', NULL, 80, '2023-01-08 10:00:00', '2023-01-08 10:00:00'),
('123e4567-e89b-12d3-a456-426614174002', 2, 'Brief Desc 9', 'Detailed description 9', 7, 95, '2023-01-09 10:00:00', '2023-01-09 10:00:00'),
('123e4567-e89b-12d3-a456-426614174000', 3, 'Brief Desc 10', 'Detailed description 10', NULL, 105, '2023-01-10 10:00:00', '2023-01-10 10:00:00'),

('123e4567-e89b-12d3-a456-426614174001', 4, 'Brief Desc 11', 'Detailed description 11', 15, 115, '2023-01-11 10:00:00', '2023-01-11 10:00:00'),
('123e4567-e89b-12d3-a456-426614174002', 5, 'Brief Desc 12', 'Detailed description 12', 20, 125, '2023-01-12 10:00:00', '2023-01-12 10:00:00'),
('123e4567-e89b-12d3-a456-426614174000', 6, 'Brief Desc 13', 'Detailed description 13', 13, 135, '2023-01-13 10:00:00', '2023-01-13 10:00:00'),
('123e4567-e89b-12d3-a456-426614174001', 7, 'Brief Desc 14', 'Detailed description 14', NULL, 85, '2023-01-14 10:00:00', '2023-01-14 10:00:00'),
('123e4567-e89b-12d3-a456-426614174002', 1, 'Brief Desc 15', 'Detailed description 15', 3, 125, '2023-01-15 10:00:00', '2023-01-15 10:00:00'),
('123e4567-e89b-12d3-a456-426614174000', 2, 'Brief Desc 16', 'Detailed description 16', NULL, 95, '2023-01-16 10:00:00', '2023-01-16 10:00:00'),
('123e4567-e89b-12d3-a456-426614174001', 3, 'Brief Desc 17', 'Detailed description 17', 5, 115, '2023-01-17 10:00:00', '2023-01-17 10:00:00'),
('123e4567-e89b-12d3-a456-426614174002', 4, 'Brief Desc 18', 'Detailed description 18', 10, 125, '2023-01-18 10:00:00', '2023-01-18 10:00:00'),
('123e4567-e89b-12d3-a456-426614174000', 5, 'Brief Desc 19', 'Detailed description 19', NULL, 100, '2023-01-19 10:00:00', '2023-01-19 10:00:00'),
('123e4567-e89b-12d3-a456-426614174001', 6, 'Brief Desc 20', 'Detailed description 20', 6, 140, '2023-01-20 10:00:00', '2023-01-20 10:00:00'),

('123e4567-e89b-12d3-a456-426614174002', 7, 'Brief Desc 21', 'Detailed description 21', NULL, 110, '2023-01-21 10:00:00', '2023-01-21 10:00:00'),
('123e4567-e89b-12d3-a456-426614174000', 1, 'Brief Desc 22', 'Detailed description 22', 11, 130, '2023-01-22 10:00:00', '2023-01-22 10:00:00'),
('123e4567-e89b-12d3-a456-426614174001', 2, 'Brief Desc 23', 'Detailed description 23', 8, 90, '2023-01-23 10:00:00', '2023-01-23 10:00:00'),
('123e4567-e89b-12d3-a456-426614174002', 3, 'Brief Desc 24', 'Detailed description 24', NULL, 120, '2023-01-24 10:00:00', '2023-01-24 10:00:00'),
('123e4567-e89b-12d3-a456-426614174000', 4, 'Brief Desc 25', 'Detailed description 25', 14, 105, '2023-01-25 10:00:00', '2023-01-25 10:00:00'),
('123e4567-e89b-12d3-a456-426614174001', 5, 'Brief Desc 26', 'Detailed description 26', 4, 135, '2023-01-26 10:00:00', '2023-01-26 10:00:00'),
('123e4567-e89b-12d3-a456-426614174002', 6, 'Brief Desc 27', 'Detailed description 27', 7, 145, '2023-01-27 10:00:00', '2023-01-27 10:00:00'),
('123e4567-e89b-12d3-a456-426614174000', 7, 'Brief Desc 28', 'Detailed description 28', NULL, 85, '2023-01-28 10:00:00', '2023-01-28 10:00:00');