DELETE FROM reviews;
DELETE FROM deals;
DELETE FROM messages;
DELETE FROM payment_details;
DELETE FROM services;
DELETE FROM services_category;
DELETE FROM users;
DELETE FROM payment_systems;
DELETE FROM games;
DELETE FROM deal_status;

ALTER SEQUENCE reviews_id_seq RESTART WITH 1;
ALTER SEQUENCE deals_id_seq RESTART WITH 1;
ALTER SEQUENCE messages_id_seq RESTART WITH 1;
ALTER SEQUENCE payment_details_id_seq RESTART WITH 1;
ALTER SEQUENCE services_id_seq RESTART WITH 1;
ALTER SEQUENCE services_category_id_seq RESTART WITH 1;
ALTER SEQUENCE payment_systems_id_seq RESTART WITH 1;
ALTER SEQUENCE games_id_seq RESTART WITH 1;
ALTER SEQUENCE deal_status_id_seq RESTART WITH 1;

INSERT INTO users (id, name, mail, password, place_service, place_review, use_service, registration_date, last_enter, last_update) VALUES 
('650116e3-27c6-441b-af25-da845348b39d', 'Michael', 'michael.barton@gmail.com', '5ca705d9b86b7ecfa7a76b385320dae8f89cf7fc9133719220edb83b22a805eb', FALSE, FALSE, FALSE, '2024-05-25 00:00:00', '2024-11-15 00:00:00', '2024-11-08 00:00:00'),
('f813afa8-7af6-48c4-9351-d8a5a610b061', 'Bruce', 'bruce.moore@hotmail.com', 'e5744e832883d71791f5ff297c179ee5af13ca51a9af10b1abcbba1c9a4969fe', FALSE, FALSE, FALSE, '2024-04-01 00:00:00', '2024-11-10 00:00:00', '2024-09-18 00:00:00'),
('280ab1b6-276b-4e18-af4b-9549757b6133', 'Kyle', 'kyle.tucker@hotmail.com', 'c1cffbb51ad5664c697d0ae05719a3460273cd48eec8191c1480018aee623e1d', FALSE, FALSE, FALSE, '2024-04-05 00:00:00', '2024-12-12 00:00:00', '2024-09-21 00:00:00'),
('fa8b63f1-5767-4de1-90bb-fcf907ac5ee3', 'Andrea', 'andrea.cantu@gmail.com', 'ab28e582860a7da21b9efb0b3adf9ca1f3e2f6b1d892a3b2e69fe79600e41e84', FALSE, FALSE, FALSE, '2023-09-11 00:00:00', '2024-03-29 00:00:00', '2024-02-14 00:00:00'),
('bc170bab-79e0-4966-8342-d0e7c3b53bdf', 'Betty', 'betty.watson@gmail.com', '7643b263c2e2452424101579d1b61a2608763c88f6324c17ac7119c1ea87a82f', TRUE, TRUE, TRUE, '2024-05-09 00:00:00', '2024-05-27 00:00:00', '2024-05-21 00:00:00'),
('72cd3435-9730-4872-9699-d1b549ac4bc3', 'Thomas', 'thomas.bradshaw@hotmail.com', '497aa5c492d3624ac9782edae6c65393ceb3d63ddf01dc7b53ea65680a2f6516', TRUE, TRUE, TRUE, '2024-04-12 00:00:00', '2024-09-06 00:00:00', '2024-07-01 00:00:00'),
('80967f80-f08e-4f92-8419-7a8f7c35fb11', 'Ashley', 'ashley.williams@hotmail.com', 'bcd033486a72d8bfc9bc39ab52c5385abe92852df45700f18e9f32c51b2f7c60', TRUE, TRUE, TRUE, '2024-12-24 00:00:00', '2025-02-17 00:00:00', '2025-01-26 00:00:00'),
('0e5644b8-e03c-4936-9781-bb3bf5de4d55', 'Gabriella', 'gabriella.bennett@yahoo.com', 'cfe68c445bb64c62ec60812364ae86c88fa2a10fcacc6fd7338d61ab6647ef7a', TRUE, TRUE, TRUE, '2024-07-04 00:00:00', '2024-09-05 00:00:00', '2024-08-30 00:00:00'),
('d675fd91-1348-4219-beda-d9dc33a7d773', 'Hector', 'hector.ramos@hotmail.com', 'a90616a38a787a8c150549e134677dbc22f820daa98fd7594c0c0fc04c48a5f2', FALSE, FALSE, FALSE, '2023-07-11 00:00:00', '2023-12-26 00:00:00', '2023-12-02 00:00:00'),
('6c3484c6-3d65-429d-b1b1-c8ce080e363d', 'Kim', 'kim.kirby@yahoo.com', '34c8420c665be34407ced0a44f86d99b2785aa3e9656e0bc88409d96cece5585', FALSE, FALSE, FALSE, '2022-10-17 00:00:00', '2023-05-06 00:00:00', '2023-02-27 00:00:00'),
('db2522a6-47d3-4660-88d1-892704ae014f', 'David', 'david.sanders@yahoo.com', '9eec41a5689d518536c7cb91880997d3ea4b00d4e872431f058cd19467e7d9c6', TRUE, TRUE, TRUE, '2024-08-30 00:00:00', '2025-05-12 00:00:00', '2025-02-20 00:00:00'),
('58100edd-e748-4658-86ec-8c6037152eca', 'Julie', 'julie.fitzgerald@hotmail.com', '7d884752f038b2cf3d1dd10fa5cb8430d0987e1b1258a3af2ae7b3a6eb8c47d8', TRUE, TRUE, TRUE, '2022-07-07 00:00:00', '2022-11-13 00:00:00', '2022-10-19 00:00:00'),
('fbf6b151-5498-4b3a-8984-5e44b7118b5e', 'Amber', 'amber.walker@hotmail.com', '368b50712f9b23a791333f4fdcedbfd0ec2e6c544eb6f5a8e962de55716adf1f', FALSE, FALSE, FALSE, '2022-08-09 00:00:00', '2022-09-22 00:00:00', '2022-09-18 00:00:00'),
('fbde3819-753e-4d55-87bc-f12c45620482', 'Christopher', 'christopher.ramos@yahoo.com', 'a14716e142b91f3fb98120cae5bed04aba9d8bce03c3de5c266a99fb2f3f7593', TRUE, TRUE, TRUE, '2023-03-14 00:00:00', '2023-06-30 00:00:00', '2023-05-25 00:00:00'),
('62a22383-87ef-436a-a279-44b9245f7535', 'Grant', 'grant.blackwell@hotmail.com', 'ff231db70c4b868e7c8f0aafb0d33ac33779a85c34e200053628043c5e12a335', TRUE, TRUE, TRUE, '2023-11-19 00:00:00', '2024-05-29 00:00:00', '2024-05-15 00:00:00'),
('aad22f56-c5ae-43f5-a9ea-ef08a2f9ee02', 'Jeffrey', 'jeffrey.bowman@hotmail.com', '54018ef1813973bcd92c727c5d8780df9b5bcb833ff32b7e52e33cba2fdd760c', TRUE, TRUE, TRUE, '2023-04-24 00:00:00', '2023-08-26 00:00:00', '2023-08-19 00:00:00'),
('a0b56a3d-91e7-4d05-8b86-75f164d5d505', 'Sally', 'sally.saunders@hotmail.com', '27a2b2052248072c30214d9fd239aec80b6cc955167079849ac35b5f65868e89', TRUE, TRUE, TRUE, '2024-11-26 00:00:00', '2025-06-02 00:00:00', '2025-05-08 00:00:00'),
('f9d11069-ab59-4098-987e-c19984206d82', 'Justin', 'justin.maddox@yahoo.com', '49c442d4d9799eb04ca7b1772677caae92922563c0792ac7cc53d7cb93f324ee', TRUE, TRUE, TRUE, '2022-03-04 00:00:00', '2022-08-05 00:00:00', '2022-05-19 00:00:00'),
('8eabca79-8961-49fc-8416-01094e5905fa', 'Terri', 'terri.schultz@hotmail.com', '25fecbba47a6d6308702d38e0e3ec54135bc3c1ee9699a2da9e8526272de5091', TRUE, TRUE, TRUE, '2024-02-02 00:00:00', '2024-06-29 00:00:00', '2024-05-01 00:00:00'),
('bea82191-5609-48aa-9db3-ac891e0449c9', 'Kayla', 'kayla.williams@yahoo.com', 'd42a3d11e03c6cdaf24fb96b12b1b3bf74da8bff04922ae4e428c7441556f4e1', TRUE, TRUE, TRUE, '2023-11-12 00:00:00', '2024-02-10 00:00:00', '2023-12-31 00:00:00'),
('1548a7e1-7b04-4ba8-9dc7-f6849bdeb06a', 'Jose', 'jose.smith@yahoo.com', '35df0d4380cb5acb83e06d5898ff74b45e35daf18475aa7123d9cc58511605d6', FALSE, FALSE, FALSE, '2024-04-12 00:00:00', '2024-06-19 00:00:00', '2024-05-26 00:00:00'),
('5e9bf5ab-fce2-4181-b14f-bf74a30d50b4', 'April', 'april.palmer@hotmail.com', 'b5caed012b2d93edf4d81b5cbfbf2e1f5f289cea41ab57b004661f7a6e7d6804', TRUE, TRUE, TRUE, '2024-02-01 00:00:00', '2024-08-05 00:00:00', '2024-06-13 00:00:00'),
('5a343291-4016-4be2-8f12-29952b6ce893', 'Lisa', 'lisa.short@hotmail.com', '53fb1c22043b6ddddb8f3692a74d1b4f715444af4b0c3ec9a5f8e39e4e7c580e', TRUE, TRUE, TRUE, '2023-08-12 00:00:00', '2024-02-06 00:00:00', '2023-11-26 00:00:00'),
('4c708fac-eb6e-4683-80ca-770744710cbf', 'Katie', 'katie.johnson@hotmail.com', 'aa18b36356e6bd30c71d37c4aababf7ff9f4dcf565812e3a1ddb7ea3996a1e95', TRUE, TRUE, TRUE, '2023-07-28 00:00:00', '2023-09-22 00:00:00', '2023-08-11 00:00:00'),
('d52dfad9-f553-4b94-ac0c-1823cd58f9dc', 'Michelle', 'michelle.martinez@yahoo.com', 'd06d4fb4764e000500b2963de9cd6835723db86464419e94119257bc850b4323', TRUE, TRUE, TRUE, '2024-10-15 00:00:00', '2025-04-02 00:00:00', '2025-03-01 00:00:00'),
('320d6fb8-a05c-4ca3-9518-36fb4f48d7e9', 'Eric', 'eric.bradshaw@gmail.com', '423ec5a114b7c2e120b4b43262f20a7736da89a6ddafc1776982a49be76b9942', TRUE, TRUE, TRUE, '2022-08-14 00:00:00', '2023-04-15 00:00:00', '2023-02-07 00:00:00'),
('7f0f7721-73e4-4134-98db-b4468fe1e032', 'Joseph', 'joseph.cole@yahoo.com', 'd870455acbbfcd437be5f80708b614142b88595c8c4c194057ba9211068e0a33', TRUE, TRUE, TRUE, '2024-09-10 00:00:00', '2025-01-04 00:00:00', '2024-11-22 00:00:00'),
('de0683c9-0774-4679-906a-3c99ee72aea4', 'Joan', 'joan.hayes@hotmail.com', '30212735e9effc4a583a37fce95bfe7d47c6956055c03c32457db96976049705', TRUE, TRUE, TRUE, '2023-09-27 00:00:00', '2024-01-17 00:00:00', '2024-01-09 00:00:00'),
('6177816f-5b5f-4844-b551-6bc20756bc8c', 'Ronald', 'ronald.day@gmail.com', 'ecfc1571048fb17bd7df3897297a3c7e9d4abdf8ab319c6293743236d7a24846', TRUE, TRUE, TRUE, '2022-11-03 00:00:00', '2023-04-17 00:00:00', '2023-01-30 00:00:00'),
('a4bf3300-34a7-4f66-8b00-ff5e5985f2a3', 'Kevin', 'kevin.novak@gmail.com', 'e2cb617ddf11262dd14ead61d65077ee9b5154ca60a0af31bbbf76a3517435a4', TRUE, TRUE, TRUE, '2022-04-18 00:00:00', '2022-11-25 00:00:00', '2022-10-09 00:00:00'),
('2ffd098b-2a67-4a1f-abd4-b1b43436c502', 'Juan', 'juan.cohen@yahoo.com', '99761bfbc7e016d0986776d9875b19e858f149da338f80d788f9c9d129449094', TRUE, TRUE, TRUE, '2022-04-26 00:00:00', '2022-05-08 00:00:00', '2022-05-01 00:00:00'),
('b0e2fa66-651e-44fa-9a31-b8d58696ca52', 'Christina', 'christina.tate@gmail.com', '43d44a9ec544ef1c386a5328e82a55a74d7078b016fa43a8ab0d821bc3a8da03', TRUE, TRUE, TRUE, '2023-10-14 00:00:00', '2024-04-06 00:00:00', '2024-01-25 00:00:00'),
('363b2c27-9948-45af-8d03-7d4905366253', 'Kaitlyn', 'kaitlyn.mckenzie@gmail.com', '5f68782cb12bae71b81669daef288ea648c84e9de525312c0bd63d4a6abe24e1', TRUE, TRUE, TRUE, '2022-02-25 00:00:00', '2022-06-05 00:00:00', '2022-03-20 00:00:00'),
('e3440db3-d470-431f-980c-9a2f9b52f10e', 'James', 'james.lambert@yahoo.com', '8db505fba89c0f3c8d7f043540939ee3c77b3cffcb5598b18b436e67bdb336fd', TRUE, TRUE, TRUE, '2024-07-20 00:00:00', '2024-08-17 00:00:00', '2024-08-15 00:00:00'),
('0d04d8f7-e3ab-4c32-ae62-b24c33f39f8b', 'Katherine', 'katherine.rodriguez@gmail.com', '4651e71640e8162d5745dffe6b1883f2b74dd027cb5056102b13237a0e83ad5d', FALSE, FALSE, FALSE, '2022-01-24 00:00:00', '2022-05-14 00:00:00', '2022-04-05 00:00:00'),
('6d5f8e55-4a7a-4c3d-8cd0-d45e21c0b005', 'Carla', 'carla.brown@yahoo.com', '7c45cf2df70168836918144a2adc354659adb9d0690ac6f817332b633dedbbec', FALSE, FALSE, FALSE, '2022-04-16 00:00:00', '2022-09-07 00:00:00', '2022-06-15 00:00:00'),
('cbcbb62a-49ca-4dac-887e-87e7be901c92', 'Andrew', 'andrew.wilkins@yahoo.com', '2001c68051dc7ffba380cc99fd80e8de71d9a29f2ca3861df534bcf46de929f3', FALSE, FALSE, FALSE, '2023-10-29 00:00:00', '2024-06-10 00:00:00', '2024-04-17 00:00:00'),
('2d54c332-c47c-4ce8-b30b-93065237f2d0', 'Kimberly', 'kimberly.michael@yahoo.com', 'c81a8ab3c58a5f829a94c3418359ef4997ea81c55a94b35cae10b5c172c93b73', TRUE, TRUE, TRUE, '2022-05-17 00:00:00', '2022-07-14 00:00:00', '2022-07-02 00:00:00'),
('12f032fc-428b-4a59-8f2d-29d8943a4eee', 'Morgan', 'morgan.wilson@hotmail.com', '079e06f75ae54062b4cdfdf30bfd07237cd06079c83635ba45a071fbdc50da89', TRUE, TRUE, TRUE, '2022-11-06 00:00:00', '2023-02-19 00:00:00', '2023-01-19 00:00:00'),
('45ba600d-4f41-4ba3-ab59-9c998a52eb08', 'Amy', 'amy.adams@hotmail.com', 'b55d75787e698e82dc39266637e6d4f08364862626a57df753ce02ab9e6e3345', TRUE, TRUE, TRUE, '2023-05-09 00:00:00', '2023-11-07 00:00:00', '2023-10-20 00:00:00'),
('ce575100-8a73-4af0-9a9d-55fda7259473', 'Susan', 'susan.everett@gmail.com', 'd58f1f1757d52fe0e6be30d11d156ebcd99475df75a509950426d8b8ca05e837', TRUE, TRUE, TRUE, '2023-07-27 00:00:00', '2023-12-30 00:00:00', '2023-12-07 00:00:00'),
('9bafa63d-214a-4c4f-90d3-09f81befde85', 'Catherine', 'catherine.rivera@hotmail.com', '37181ce28e728fcb462b5597e61eb2231cb85d43074e87202ec5299d9fca94b9', TRUE, TRUE, TRUE, '2024-04-18 00:00:00', '2024-06-19 00:00:00', '2024-05-13 00:00:00'),
('1eef54f6-86f6-4e1d-8301-0108f0d3e06e', 'Kathy', 'kathy.vargas@yahoo.com', '22a0cbe8da27276b924e9d520ed09a1b5860360e23e1399e6d6a2b6124320d11', FALSE, FALSE, FALSE, '2022-10-02 00:00:00', '2023-01-06 00:00:00', '2022-10-16 00:00:00'),
('5079395d-d1c0-4986-b1a6-10b8a971a7c1', 'Anna', 'anna.welch@hotmail.com', '99e95636bcb3aa37210a10b52719f271b32de3032b03ef70b7016a1bd91647a5', TRUE, TRUE, TRUE, '2022-10-24 00:00:00', '2023-04-07 00:00:00', '2023-03-11 00:00:00'),
('2c98c038-674b-4bcd-8570-b2687f95d26d', 'Molly', 'molly.anderson@hotmail.com', '775cd819d8fd66feac2943e2acb41e811a14976113657de72ce57d9a78fc0a48', TRUE, TRUE, TRUE, '2023-12-05 00:00:00', '2024-06-06 00:00:00', '2024-06-02 00:00:00'),
('49e9dd44-787d-4f00-aeb2-83bb2e671076', 'Rhonda', 'rhonda.moore@yahoo.com', '08c4fde8b302d3af4ec400342b10ab9ab09aa4603b5f1d826e0feaced0b51055', FALSE, FALSE, FALSE, '2022-04-26 00:00:00', '2022-10-19 00:00:00', '2022-08-10 00:00:00'),
('344a289d-6200-4b53-85da-c774ea1f96aa', 'Lori', 'lori.silva@yahoo.com', 'ec2a24627f2b059ab453c905236133c8cb29ca51afaf8df5ed53ce2dd9b92d98', TRUE, TRUE, TRUE, '2024-10-01 00:00:00', '2025-05-14 00:00:00', '2025-02-26 00:00:00'),
('21ff0069-de62-482e-8ebb-fa8285d03ce5', 'Renee', 'renee.rios@hotmail.com', '3b37f3633e30f9cd58db6394127f09d29387fcc00c44584f372bbebeeb60de33', TRUE, TRUE, TRUE, '2024-07-01 00:00:00', '2024-09-28 00:00:00', '2024-08-05 00:00:00'),
('c178cc5a-6ad4-4fd8-a673-c92203cb6b26', 'Alexander', 'alexander.kramer@yahoo.com', '3d85bcca98cf62151217b7801fdaa957fc9b1127f2e44faf79cbc70c0f5b4078', TRUE, TRUE, TRUE, '2023-08-05 00:00:00', '2024-01-31 00:00:00', '2023-12-10 00:00:00'),
('807a083a-912e-4c3f-b9e3-5b29fcad83b4', 'Sheri', 'sheri.conrad@gmail.com', '5923fdb88a84d346f87a96201a3ed39d57ecdbdfd5637b2124abb9a7131c1b32', FALSE, FALSE, FALSE, '2022-03-29 00:00:00', '2022-08-04 00:00:00', '2022-05-06 00:00:00');

INSERT INTO games (name) VALUES 
('Exploration: Recently'),
('Mystery: You'),
('Sports: West'),
('TimeManagement: Economic'),
('Sports: Finish'),
('CoOp: Forward'),
('Exploration: Organization'),
('Mystery: Read'),
('Multiplayer: American'),
('Shooter: Participant'),
('Racing: Turn'),
('Mystery: Southern'),
('CityBuilder: Various'),
('War: Already'),
('Sports: Reason'),
('CityBuilder: Tell'),
('OpenWorld: Accept'),
('Adventure: Pm'),
('Indie: Already'),
('Arcade: Writer'),
('Horror: Cell'),
('Indie: Leave'),
('Strategy: Main'),
('War: Later'),
('Survival: Matter'),
('OpenWorld: Statement'),
('Educational: Field'),
('Educational: Machine'),
('Horror: Report'),
('RolePlaying: Because');

INSERT INTO services_category (name, game_id) VALUES 
('Game Modding', 1),
('Items', 1),
('Coaching', 2),
('Power Leveling', 2),
('Boosting', 2),
('Achievement Unlocks', 3),
('Weapon Upgrade', 3),
('Gold Sale', 4),
('XP Boost', 4),
('Game Currency', 4),
('Loot Farming', 4),
('Loot Boxes', 4),
('Season Pass', 5),
('Loot Farming', 5),
('Coaching', 5),
('Game Modding', 5),
('Weapon Upgrade', 5),
('Skill Training', 6),
('Loot Boxes', 6),
('Account Shop', 7),
('Raid Carry', 7),
('Tournaments', 7),
('Special Events', 7),
('VIP Services', 7),
('Equipment Enhancement', 8),
('Exclusive Content', 8),
('XP Boost', 9),
('Currency Exchange', 9),
('Unlockables', 9),
('Game Currency', 10),
('Currency Exchange', 10),
('Elite Membership', 10),
('Skins', 10),
('Raid Carry', 11),
('Loot Farming', 11),
('Loot Boxes', 11),
('Achievement Unlocks', 11),
('In-game Items', 11),
('Game Modding', 12),
('Power Leveling', 12),
('In-game Items', 13),
('Gold Sale', 13),
('VIP Services', 14),
('Coaching', 14),
('Early Access', 14),
('In-game Items', 14),
('Items', 14),
('Character Customization', 15),
('Early Access', 15),
('Boosting', 15),
('VIP Skins', 15),
('VIP Services', 15),
('Account Shop', 16),
('Account Recovery', 16),
('Exclusive Content', 17),
('XP Boost', 17),
('Skins', 18),
('Items', 18),
('Market Trades', 18),
('Power Leveling', 18),
('VIP Services', 18),
('VIP Skins', 19),
('Market Trades', 19),
('Tournaments', 19),
('Special Events', 19),
('Raid Carry', 20),
('Special Events', 20),
('Currency Exchange', 20),
('VIP Skins', 20),
('Power Leveling', 20),
('Loot Boxes', 21),
('Exclusive Content', 21),
('XP Boost', 22),
('Special Events', 22),
('Loot Farming', 22),
('Weapon Upgrade', 23),
('Account Shop', 23),
('Special Events', 23),
('Coaching', 23),
('VIP Services', 24),
('Coaching', 24),
('Power Leveling', 24),
('In-game Items', 24),
('VIP Skins', 24),
('Season Pass', 25),
('Loot Boxes', 25),
('In-game Items', 25),
('Event Pass', 26),
('Loot Boxes', 26),
('VIP Skins', 26),
('Power Leveling', 26),
('Character Customization', 27),
('Gold Sale', 27),
('Boosting', 27),
('Season Pass', 27),
('Game Modding', 28),
('Achievement Unlocks', 28),
('Game Mods', 28),
('Game Guides', 29),
('Power Leveling', 29),
('Coaching', 30),
('Tournaments', 30),
('Loot Farming', 30),
('Season Pass', 30),
('VIP Skins', 30);

INSERT INTO services (user_id, service_category_id, brief_desc, detailed_desc, quantity, price, create_date, update_date) VALUES 
('650116e3-27c6-441b-af25-da845348b39d', 26, 'Skins', 'Figure forward drop weight a although girl. Level simple economic. Community dog history room avoid.
Kid difficult watch several grow so response.', 6, 9557, '2023-06-03 00:00:00', '2023-07-21 00:00:00'),
('650116e3-27c6-441b-af25-da845348b39d', 38, 'Boosting', 'Less others whether imagine open about sometimes. Customer ever social prepare market.', 5, 133, '2023-10-22 00:00:00', '2024-12-05 00:00:00'),
('650116e3-27c6-441b-af25-da845348b39d', 20, 'Tournaments', 'Cold per program name trip knowledge. Easy night particularly medical. Rise able must cut consider important experience news.', 5, 1367, '2022-05-06 00:00:00', '2022-07-02 00:00:00'),
('f813afa8-7af6-48c4-9351-d8a5a610b061', 22, 'Game Currency', 'Find pass several article player model. History analysis career. Product for lawyer mind me. East same example international standard.
Age item decade. In list computer gun woman.', NULL, 5806, '2023-07-19 00:00:00', '2024-10-13 00:00:00'),
('f813afa8-7af6-48c4-9351-d8a5a610b061', 16, 'Character Customization', 'Win east whom feeling. Security raise law future stay your mention increase.
Fall blood inside plant way. Various time determine administration. Fund recognize character college word.', 8, 9791, '2024-10-10 00:00:00', '2024-11-02 00:00:00'),
('f813afa8-7af6-48c4-9351-d8a5a610b061', 41, 'XP Boost', 'Carry visit health throughout late actually research. Record including once.
May identify western drug Mrs music. Study word now opportunity language natural against.', 9, 8214, '2022-08-07 00:00:00', '2023-12-18 00:00:00'),
('f813afa8-7af6-48c4-9351-d8a5a610b061', 31, 'Gold Sale', 'Free explain weight yard wind better control. However sit available fine reflect college morning.', NULL, 5725, '2023-12-05 00:00:00', '2024-07-14 00:00:00'),
('280ab1b6-276b-4e18-af4b-9549757b6133', 50, 'In-game Items', 'Present who health study stay. Training involve on build station office gun. Time wide issue house.', 8, 4684, '2024-07-16 00:00:00', '2024-10-26 00:00:00'),
('fa8b63f1-5767-4de1-90bb-fcf907ac5ee3', 23, 'Game Currency', 'Every up ahead occur. Also source officer gun by question. Nice imagine number low study quality ball.', 2, 6676, '2023-05-23 00:00:00', '2024-10-05 00:00:00'),
('72cd3435-9730-4872-9699-d1b549ac4bc3', 50, 'Weapon Upgrade', 'Nature moment scene move smile season. South fine church available section protect quality.
Hard lead position. Idea professional score inside.
Feel national evening individual.', 1, 397, '2023-06-24 00:00:00', '2023-10-01 00:00:00'),
('72cd3435-9730-4872-9699-d1b549ac4bc3', 50, 'Account Shop', 'Turn water great their. That Congress authority four move nearly spring.
Care late run protect Republican. But unit several Democrat seat group.', 3, 5466, '2023-12-23 00:00:00', '2024-09-26 00:00:00'),
('72cd3435-9730-4872-9699-d1b549ac4bc3', 52, 'Gold Sale', 'Culture TV build against. Yourself media behavior month everyone lawyer there. Similar build always outside under. Arm scientist sense factor stage customer spring.', NULL, 4703, '2023-11-14 00:00:00', '2024-12-08 00:00:00'),
('72cd3435-9730-4872-9699-d1b549ac4bc3', 54, 'Exclusive Content', 'Wife decision send indeed team agency daughter its.
Reach evidence something eye find. Close above some many.
Wear writer top provide hundred remember. Class she stay provide.', NULL, 4043, '2024-09-22 00:00:00', '2024-11-13 00:00:00'),
('80967f80-f08e-4f92-8419-7a8f7c35fb11', 31, 'Skins', 'Against page research stop. Strong customer simply she tax talk society.', 1, 9480, '2023-11-29 00:00:00', '2024-11-20 00:00:00'),
('80967f80-f08e-4f92-8419-7a8f7c35fb11', 47, 'Weapon Upgrade', 'Specific change or decide more. Hundred discuss summer wait.
Office might research second nature standard. Seat really break happy floor knowledge evidence. Local message art nation himself physical.', 8, 3155, '2024-10-25 00:00:00', '2024-11-13 00:00:00'),
('80967f80-f08e-4f92-8419-7a8f7c35fb11', 10, 'In-game Items', 'Happy public card machine these amount. Event which act marriage possible. Start stage industry none.', 9, 589, '2023-02-15 00:00:00', '2024-04-30 00:00:00'),
('d675fd91-1348-4219-beda-d9dc33a7d773', 30, 'Items', 'Option class sound true sit. Energy choice class candidate through any north I.
Break single specific around friend. Trip hour may watch able account let. Laugh program cover hot performance.', 1, 3580, '2024-12-19 00:00:00', '2024-12-24 00:00:00'),
('d675fd91-1348-4219-beda-d9dc33a7d773', 9, 'Power Leveling', 'Health box question run sense.
Information treat anyone course participant. Gun out poor move while under.', 9, 1833, '2023-01-21 00:00:00', '2024-01-13 00:00:00'),
('d675fd91-1348-4219-beda-d9dc33a7d773', 23, 'Boosting', 'War beyond their nice every rich reveal. Live few family hope yourself entire phone. Stock every system sense hour.
Source raise tree blood. Baby former performance theory.', 1, 6174, '2024-10-30 00:00:00', '2024-12-17 00:00:00'),
('6c3484c6-3d65-429d-b1b1-c8ce080e363d', 32, 'Weapon Upgrade', 'Interesting arm white behind figure. Evening heart follow kitchen concern rich.
At admit security feel cover send. Report PM early course government reason.', 1, 1461, '2024-09-15 00:00:00', '2024-11-05 00:00:00'),
('6c3484c6-3d65-429d-b1b1-c8ce080e363d', 53, 'Tournaments', 'Leave him network rock product physical test. Career face house example major feeling. Reduce response off speak onto popular network. Per meet artist bag explain box somebody.', 6, 5483, '2023-06-28 00:00:00', '2024-06-18 00:00:00'),
('6c3484c6-3d65-429d-b1b1-c8ce080e363d', 28, 'Power Leveling', 'Beyond decade parent without president. Success where road manager look radio energy crime. Life wear accept few democratic economic type.
Reveal approach thus wrong us sister plant.', 8, 6883, '2022-03-15 00:00:00', '2023-03-07 00:00:00'),
('6c3484c6-3d65-429d-b1b1-c8ce080e363d', 37, 'Tournaments', 'Which eight do.
Admit if pass economy attack this. Expect improve smile forward finish moment big keep. See rather culture decide could war.', 7, 5246, '2024-10-21 00:00:00', '2024-12-27 00:00:00'),
('db2522a6-47d3-4660-88d1-892704ae014f', 49, 'Currency Exchange', 'Activity computer management type modern. Within wait sure still their news.
Poor with land. Eight risk bit person some half.', 8, 1599, '2023-05-13 00:00:00', '2024-07-24 00:00:00'),
('fbf6b151-5498-4b3a-8984-5e44b7118b5e', 48, 'In-game Items', 'Natural evening character. Dream he month full explain.
Hot shake per account place letter industry Republican. From book decade consider deal education catch.', NULL, 1586, '2022-06-08 00:00:00', '2024-06-06 00:00:00'),
('fbf6b151-5498-4b3a-8984-5e44b7118b5e', 25, 'Skins', 'Hospital property a mother explain wonder way firm. Traditional stuff together adult. Future glass what individual until. Season task change.', 1, 8315, '2023-08-16 00:00:00', '2023-09-02 00:00:00'),
('fbf6b151-5498-4b3a-8984-5e44b7118b5e', 8, 'Weapon Upgrade', 'Box discover rich have yet condition owner whatever. Deal real happen involve both wonder sister page. Whose yet could example.
Put business moment. Man drive while back sit ahead voice onto.', NULL, 4451, '2022-01-30 00:00:00', '2023-01-13 00:00:00'),
('fbf6b151-5498-4b3a-8984-5e44b7118b5e', 6, 'Gold Sale', 'Though station free thousand. Machine individual others science weight minute today.
Three partner consumer program responsibility notice into level.', NULL, 5837, '2022-01-05 00:00:00', '2022-01-30 00:00:00'),
('fbde3819-753e-4d55-87bc-f12c45620482', 19, 'XP Boost', 'Require left control model might. Special by vote activity finish account than once.', 6, 8978, '2024-08-27 00:00:00', '2024-12-13 00:00:00'),
('fbde3819-753e-4d55-87bc-f12c45620482', 41, 'Exclusive Content', 'Add policy for feeling notice not. It improve place.
Worker laugh place happy magazine specific.
Allow lay agreement current stuff.
Without citizen wind certainly seem surface impact.', NULL, 8544, '2024-01-22 00:00:00', '2024-05-19 00:00:00'),
('fbde3819-753e-4d55-87bc-f12c45620482', 24, 'Gold Sale', 'Just attention admit environmental foot if education collection. Same fund sure. Guess when seat shake glass assume.', 5, 5726, '2023-03-09 00:00:00', '2024-03-08 00:00:00'),
('62a22383-87ef-436a-a279-44b9245f7535', 34, 'Loot Boxes', 'Executive first truth thousand out.
Indeed nearly cause miss include between. Exist imagine hotel become store.', NULL, 1840, '2022-08-26 00:00:00', '2023-05-12 00:00:00'),
('62a22383-87ef-436a-a279-44b9245f7535', 46, 'Early Access', 'Front current market paper be. School piece choose four when really minute.
Hope sit five rate that book both shake. Class that check month. Television bar skill life long they than whose.', 10, 2708, '2023-02-23 00:00:00', '2024-08-20 00:00:00'),
('62a22383-87ef-436a-a279-44b9245f7535', 15, 'Skins', 'Address Mrs weight establish professor fear. Play light budget successful high.
Until fly article board require. Son trade feeling.', 9, 2335, '2023-10-03 00:00:00', '2023-10-15 00:00:00'),
('aad22f56-c5ae-43f5-a9ea-ef08a2f9ee02', 55, 'Weapon Upgrade', 'Let into themselves father.
Mean father opportunity. Marriage once throw list small. Action provide natural expert participant partner. Despite street there science discover instead many.', 10, 2277, '2024-04-27 00:00:00', '2024-06-22 00:00:00'),
('aad22f56-c5ae-43f5-a9ea-ef08a2f9ee02', 15, 'Early Access', 'Participant shoulder include civil dog deep. Tv ready seat term just.
Floor soon key husband letter strong. Act off usually church idea threat argue realize. Operation Mr whatever who way run return.', 4, 7678, '2023-08-21 00:00:00', '2024-03-23 00:00:00'),
('aad22f56-c5ae-43f5-a9ea-ef08a2f9ee02', 57, 'Exclusive Content', 'Likely national professor ahead yard. Military lose walk issue theory. Career kind keep lead unit southern.', 10, 8917, '2023-09-10 00:00:00', '2024-03-06 00:00:00'),
('aad22f56-c5ae-43f5-a9ea-ef08a2f9ee02', 11, 'Exclusive Content', 'Pass heavy analysis lay far good current. Seat these program then family car.
Crime plant information suddenly they base. Show perform enter century interview.', 10, 8800, '2023-08-16 00:00:00', '2024-12-26 00:00:00'),
('aad22f56-c5ae-43f5-a9ea-ef08a2f9ee02', 41, 'Gold Sale', 'Lead catch soldier consider attack space nation. Wrong small game whatever. List reflect city direction term movie environment process.', 6, 8717, '2024-03-22 00:00:00', '2024-07-24 00:00:00'),
('a0b56a3d-91e7-4d05-8b86-75f164d5d505', 21, 'In-game Items', 'Now together account everybody edge deep. Fly discuss few majority control three authority. Trouble loss writer choice safe two.', 4, 3703, '2022-12-09 00:00:00', '2024-12-30 00:00:00'),
('a0b56a3d-91e7-4d05-8b86-75f164d5d505', 38, 'Game Mods', 'Performance dinner none serious cold skin. Economy leave respond moment rock during. Their lawyer religious education instead market argue.', NULL, 3464, '2024-10-04 00:00:00', '2024-10-23 00:00:00'),
('a0b56a3d-91e7-4d05-8b86-75f164d5d505', 53, 'Weapon Upgrade', 'Policy room perform six loss try reduce decision. Lose attention happen claim grow hear.', 6, 6716, '2024-07-09 00:00:00', '2024-11-07 00:00:00'),
('f9d11069-ab59-4098-987e-c19984206d82', 59, 'Loot Boxes', 'Involve soldier trial early worker. Ago sit suffer wind three certainly. Eight country bring score with. Attorney worker street party view blue news.', 5, 8602, '2024-07-17 00:00:00', '2024-12-10 00:00:00'),
('f9d11069-ab59-4098-987e-c19984206d82', 11, 'Season Pass', 'Who interview wear require national movement food perform. Civil more letter east instead star.', NULL, 5664, '2024-05-04 00:00:00', '2024-10-05 00:00:00'),
('f9d11069-ab59-4098-987e-c19984206d82', 20, 'In-game Items', 'Consider hair contain strong stage. Idea prevent million her staff myself.
Product on feeling administration spring. Around four number. Real edge spring range happen wait.', 3, 1301, '2022-05-20 00:00:00', '2022-10-15 00:00:00'),
('f9d11069-ab59-4098-987e-c19984206d82', 12, 'Loot Boxes', 'Left phone country machine condition change produce new. Debate become much our down almost really safe. Animal continue add statement school.', 3, 1800, '2022-02-16 00:00:00', '2023-05-10 00:00:00'),
('8eabca79-8961-49fc-8416-01094e5905fa', 8, 'Game Currency', 'Six try between significant stock kind past. Candidate hot civil something list everyone.
Then main however same. Thus election unit staff be smile month bad.', 4, 1464, '2023-04-26 00:00:00', '2024-11-26 00:00:00'),
('bea82191-5609-48aa-9db3-ac891e0449c9', 49, 'Tournaments', 'None weight address last white friend. Benefit collection others cultural. Other add TV outside person close red.', 6, 5096, '2022-03-18 00:00:00', '2022-05-14 00:00:00'),
('bea82191-5609-48aa-9db3-ac891e0449c9', 12, 'Game Currency', 'Thank stuff term of at into.
Require kitchen wait. Personal today let half baby. Miss team no. Develop international unit matter.', 9, 8645, '2022-05-28 00:00:00', '2023-08-19 00:00:00'),
('bea82191-5609-48aa-9db3-ac891e0449c9', 42, 'Account Shop', 'Sit idea political result join cover. Party really game close.
Others writer spring light edge. Occur grow indicate will rest seven.', 4, 4809, '2023-10-21 00:00:00', '2024-03-09 00:00:00'),
('bea82191-5609-48aa-9db3-ac891e0449c9', 54, 'Early Access', 'Garden oil authority thus describe. Beat life word call whether. Understand always have marriage of.
No language thank. Former beautiful always imagine read will. Capital all traditional.', 6, 6269, '2022-03-23 00:00:00', '2024-11-15 00:00:00'),
('bea82191-5609-48aa-9db3-ac891e0449c9', 26, 'Weapon Upgrade', 'Drive security foreign dog art station. Candidate class provide reduce grow spring scene. Operation suddenly right key evening pass.', 6, 6154, '2024-12-14 00:00:00', '2024-12-22 00:00:00'),
('1548a7e1-7b04-4ba8-9dc7-f6849bdeb06a', 56, 'Weapon Upgrade', 'But fight character consider. Network character wide television key tough.', 1, 3640, '2024-02-26 00:00:00', '2024-03-06 00:00:00'),
('1548a7e1-7b04-4ba8-9dc7-f6849bdeb06a', 51, 'Tournaments', 'Any mind member small tonight. Dream both win Mrs reason skin.
With community well north care. Nothing interesting record few talk. Give western home power many piece term.', 4, 4613, '2023-08-24 00:00:00', '2024-05-15 00:00:00'),
('1548a7e1-7b04-4ba8-9dc7-f6849bdeb06a', 49, 'Currency Exchange', 'Event rise medical people move clearly off. Seat research really push interview. Process blue those draw.
Certainly candidate get those without box fear. Sure myself memory against north.', 8, 6518, '2024-03-30 00:00:00', '2024-05-04 00:00:00'),
('1548a7e1-7b04-4ba8-9dc7-f6849bdeb06a', 38, 'VIP Services', 'Sign actually drug. Something actually care national why environmental imagine energy.', 9, 1464, '2023-11-21 00:00:00', '2024-09-14 00:00:00'),
('5e9bf5ab-fce2-4181-b14f-bf74a30d50b4', 46, 'Character Customization', 'Appear quite learn attention minute after. Staff best some responsibility really single.
Gas receive attorney weight wide red. Father add of east issue. Community beautiful general civil a take.', 8, 7349, '2022-10-27 00:00:00', '2024-03-26 00:00:00'),
('5e9bf5ab-fce2-4181-b14f-bf74a30d50b4', 55, 'Skins', 'After interesting management phone woman change develop. Just try own candidate against meeting.
Happen do fly must.
Anyone purpose few. Land himself occur green material treat.', 4, 6036, '2022-03-18 00:00:00', '2023-12-09 00:00:00'),
('5e9bf5ab-fce2-4181-b14f-bf74a30d50b4', 49, 'Tournaments', 'Result close senior at tonight city.
Four poor where fire particular. Visit cost clearly ready million.
Low together fact operation great life. Such down sister society also blood change.', 10, 1353, '2024-04-17 00:00:00', '2024-07-08 00:00:00'),
('5e9bf5ab-fce2-4181-b14f-bf74a30d50b4', 2, 'Game Mods', 'Protect leader toward kind land education picture. Treat area long seek.
Wait parent foreign sell central inside. Clearly treat rock. Camera under music bit son.', 6, 9654, '2023-10-12 00:00:00', '2024-06-18 00:00:00'),
('5e9bf5ab-fce2-4181-b14f-bf74a30d50b4', 16, 'Early Access', 'Late pick recent and send back some. Note challenge rise management serve cause.
Front chair can easy perform. Picture education success week poor entire.', 2, 6994, '2024-07-15 00:00:00', '2024-08-21 00:00:00'),
('4c708fac-eb6e-4683-80ca-770744710cbf', 45, 'XP Boost', 'Physical occur want stop. According season possible at until.
Suddenly fill rock past compare. Usually about responsibility large even suffer perhaps anything. Child write tend bad.', 6, 3083, '2022-03-01 00:00:00', '2024-10-11 00:00:00'),
('4c708fac-eb6e-4683-80ca-770744710cbf', 54, 'Early Access', 'Court opportunity effort firm foreign. Meet trial black our on. Size heart real old.
Computer prevent picture rule board. Or American dog also work.', 6, 4132, '2023-12-07 00:00:00', '2024-11-30 00:00:00'),
('4c708fac-eb6e-4683-80ca-770744710cbf', 29, 'VIP Services', 'Share list to personal. Have mouth process every protect.
Site seven lose also leader everybody record. Business house program break.', NULL, 4984, '2023-11-15 00:00:00', '2024-08-22 00:00:00'),
('4c708fac-eb6e-4683-80ca-770744710cbf', 37, 'XP Boost', 'Suffer wrong trip action. Senior color collection concern well world.', NULL, 6410, '2024-02-29 00:00:00', '2024-11-04 00:00:00'),
('4c708fac-eb6e-4683-80ca-770744710cbf', 34, 'Power Leveling', 'Without full win management. They grow administration health deep common.
Less your air produce every respond person. His stuff consumer cold college job me.', 1, 9606, '2024-11-20 00:00:00', '2024-12-02 00:00:00'),
('d52dfad9-f553-4b94-ac0c-1823cd58f9dc', 17, 'Exclusive Content', 'Up hair hot. Guess central idea. Serious technology citizen.
Recent action note Mr computer never hold. Return wide rich course very father owner stop.', 4, 3855, '2024-02-16 00:00:00', '2024-06-24 00:00:00'),
('d52dfad9-f553-4b94-ac0c-1823cd58f9dc', 3, 'Loot Boxes', 'Place cause sell any if yard. Customer sister dream account moment along attention brother. Writer civil scene church wish. Term pick shake factor appear home.', 9, 3518, '2024-12-30 00:00:00', '2024-12-30 00:00:00'),
('d52dfad9-f553-4b94-ac0c-1823cd58f9dc', 24, 'Currency Exchange', 'Follow total again face back represent. Leave result goal. During audience indicate way pattern low feeling. Party although theory beat sometimes.', 7, 1062, '2022-06-19 00:00:00', '2023-07-17 00:00:00'),
('320d6fb8-a05c-4ca3-9518-36fb4f48d7e9', 24, 'Season Pass', 'Material accept discuss above tough. Method low draw food into price hundred customer. Quality meeting above stage. Floor region expert fact commercial around threat.', NULL, 6759, '2024-07-08 00:00:00', '2024-12-07 00:00:00'),
('7f0f7721-73e4-4134-98db-b4468fe1e032', 42, 'Character Customization', 'Travel agreement order hand particular claim past. Chair apply industry understand. Both space fly hard individual night central. Network movement really run chair fact physical.', 1, 5937, '2022-09-21 00:00:00', '2023-02-15 00:00:00'),
('7f0f7721-73e4-4134-98db-b4468fe1e032', 58, 'Skins', 'North thought skin you surface understand among realize. Table hundred born phone company discussion. Oil same else success common alone.
Pick art of share short knowledge responsibility.', 9, 628, '2023-08-30 00:00:00', '2024-10-03 00:00:00'),
('7f0f7721-73e4-4134-98db-b4468fe1e032', 45, 'Boosting', 'Media example itself others somebody recently issue how. Near become expert hundred yes health. Conference thing analysis window.', 10, 1547, '2024-03-13 00:00:00', '2024-10-21 00:00:00'),
('7f0f7721-73e4-4134-98db-b4468fe1e032', 14, 'Currency Exchange', 'Mean against move your large ability often. Service wonder future personal control have read.
Impact physical until.', 4, 2490, '2024-03-01 00:00:00', '2024-06-02 00:00:00'),
('de0683c9-0774-4679-906a-3c99ee72aea4', 56, 'Weapon Upgrade', 'Score heart each office either. Pay east machine she. Garden according discuss couple.
Good physical position. Some challenge hot two network set trip.', 5, 7835, '2024-10-04 00:00:00', '2024-12-17 00:00:00'),
('de0683c9-0774-4679-906a-3c99ee72aea4', 30, 'Skins', 'Security international month admit week he stock anyone. Science go soldier. Minute value yes able evening same month.', NULL, 7018, '2022-07-06 00:00:00', '2023-05-26 00:00:00'),
('6177816f-5b5f-4844-b551-6bc20756bc8c', 36, 'Game Mods', 'Author smile clear try. Program tonight hot when write.
Early matter everyone coach suddenly. Night strong perhaps behavior.', 9, 9683, '2023-02-20 00:00:00', '2024-03-23 00:00:00'),
('6177816f-5b5f-4844-b551-6bc20756bc8c', 52, 'Currency Exchange', 'Land history article wife opportunity pay.
Real street political certainly through report. Young there knowledge argue.', 7, 7046, '2024-10-26 00:00:00', '2024-11-11 00:00:00'),
('a4bf3300-34a7-4f66-8b00-ff5e5985f2a3', 53, 'Premium Account', 'Allow upon international. Strategy natural report treatment.
Deep raise above career easy yourself later. Fund pay detail identify even.', 7, 7863, '2022-10-12 00:00:00', '2024-07-25 00:00:00'),
('a4bf3300-34a7-4f66-8b00-ff5e5985f2a3', 52, 'XP Boost', 'Sound learn benefit fall fire possible challenge form.
Need party important. Role phone fear eat choose media.', 4, 3948, '2024-03-25 00:00:00', '2024-05-06 00:00:00'),
('a4bf3300-34a7-4f66-8b00-ff5e5985f2a3', 9, 'Loot Boxes', 'Reason staff here environmental item well peace. Control find enough where evening. Team most air Congress week can. Very language per drug party.', 10, 6688, '2022-12-19 00:00:00', '2024-11-14 00:00:00'),
('a4bf3300-34a7-4f66-8b00-ff5e5985f2a3', 20, 'Gold Sale', 'Month space take people wear contain trouble person. Stay true still.
Though explain fight movie true individual second. All watch size partner network.', 4, 1517, '2023-06-28 00:00:00', '2023-08-21 00:00:00'),
('a4bf3300-34a7-4f66-8b00-ff5e5985f2a3', 1, 'Early Access', 'Movie line own conference learn whom. Water station wide accept.
Practice son pay perform hand. Send opportunity true pressure sound wide career. Central avoid knowledge doctor modern.', 9, 269, '2023-07-23 00:00:00', '2024-08-06 00:00:00'),
('2ffd098b-2a67-4a1f-abd4-b1b43436c502', 41, 'In-game Items', 'Practice window enjoy president test it citizen soon.
Process city your despite my source. About bar method pretty wife.
Recently others forward seat list why feel.', 9, 1138, '2023-10-15 00:00:00', '2024-03-24 00:00:00'),
('b0e2fa66-651e-44fa-9a31-b8d58696ca52', 54, 'Gold Sale', 'Be both detail arm themselves there production. Start include main personal local song think son.', 9, 7779, '2022-03-17 00:00:00', '2024-08-14 00:00:00'),
('b0e2fa66-651e-44fa-9a31-b8d58696ca52', 27, 'Currency Exchange', 'Paper raise herself conference fight bag drive play. Thousand add station party current song.
Meet skin subject operation. Hair open ability trade situation.', 7, 5959, '2023-06-09 00:00:00', '2024-01-25 00:00:00'),
('b0e2fa66-651e-44fa-9a31-b8d58696ca52', 32, 'Exclusive Content', 'Various parent along. Despite anyone pressure decision energy.
There collection minute ready discover citizen nearly. Church reality need evening rock response. Room work walk few together.', 1, 3994, '2022-06-20 00:00:00', '2023-08-04 00:00:00'),
('b0e2fa66-651e-44fa-9a31-b8d58696ca52', 3, 'Loot Boxes', 'Car risk act against. Political difference finish rest.
Behind fight ago explain about season. Pass end central message scientist production.', 6, 1742, '2024-01-10 00:00:00', '2024-07-10 00:00:00'),
('363b2c27-9948-45af-8d03-7d4905366253', 23, 'Skins', 'Knowledge bag form produce position sea. City high try year mention quite member security.
Whole wide media describe. Leg director firm bit. Daughter cup rich pay technology president tonight.', 7, 4619, '2023-09-28 00:00:00', '2024-11-02 00:00:00'),
('363b2c27-9948-45af-8d03-7d4905366253', 8, 'Premium Account', 'Field move me social. See throughout finally own throw close. Represent visit admit artist already cause material fly.
Lot instead off you. Room main hope peace likely remain thought.', NULL, 2073, '2022-03-31 00:00:00', '2023-12-10 00:00:00'),
('363b2c27-9948-45af-8d03-7d4905366253', 35, 'Gold Sale', 'Standard then thousand world. Attention true receive gas measure beyond that huge.', 5, 1257, '2022-06-12 00:00:00', '2022-06-13 00:00:00'),
('e3440db3-d470-431f-980c-9a2f9b52f10e', 35, 'Boosting', 'Space radio call model party plant perform. Control law street sometimes by young.
Everyone computer media student. Open seat partner piece reduce of difficult.', 6, 6646, '2022-04-13 00:00:00', '2024-11-03 00:00:00'),
('e3440db3-d470-431f-980c-9a2f9b52f10e', 43, 'XP Boost', 'International item that. Sometimes region grow network rich. Mission attention program continue physical pay turn.
Product gas vote talk.
Same quickly itself suffer.
Bar city heavy computer.', 7, 7076, '2023-05-03 00:00:00', '2023-05-20 00:00:00'),
('e3440db3-d470-431f-980c-9a2f9b52f10e', 5, 'Power Leveling', 'City lay room indeed. Hundred visit try include game strong result. Miss music decade popular natural number.', NULL, 4912, '2022-11-24 00:00:00', '2024-07-24 00:00:00'),
('e3440db3-d470-431f-980c-9a2f9b52f10e', 35, 'Season Pass', 'Benefit TV paper production middle. Right do where society decade people.', 8, 5431, '2022-09-22 00:00:00', '2024-02-10 00:00:00'),
('e3440db3-d470-431f-980c-9a2f9b52f10e', 14, 'Exclusive Content', 'Southern call direction source ahead. Court box reason thing. Idea term lose administration direction save experience.', 7, 2002, '2023-01-23 00:00:00', '2024-04-16 00:00:00'),
('0d04d8f7-e3ab-4c32-ae62-b24c33f39f8b', 20, 'XP Boost', 'Attack old should decision form trade. Education peace want arm improve.
Outside nice policy certainly ever house. Tough would here after.', 1, 9225, '2023-02-19 00:00:00', '2023-07-05 00:00:00'),
('0d04d8f7-e3ab-4c32-ae62-b24c33f39f8b', 58, 'Skins', 'Available exist far culture relationship boy. Weight three television condition stage.', 4, 2818, '2024-03-31 00:00:00', '2024-07-03 00:00:00'),
('0d04d8f7-e3ab-4c32-ae62-b24c33f39f8b', 23, 'Game Currency', 'Commercial research boy cold trial name meeting. Information artist challenge quality school design drop find. Person not toward suffer international man history.', 8, 7325, '2022-11-21 00:00:00', '2024-08-05 00:00:00'),
('0d04d8f7-e3ab-4c32-ae62-b24c33f39f8b', 59, 'XP Boost', 'Contain wait particular learn play say. Or through dog write anything. Third drive goal task above. Like room bar up plan.
Sea down nearly at public. Operation call card person rich politics.', 7, 3141, '2023-02-05 00:00:00', '2024-05-24 00:00:00'),
('6d5f8e55-4a7a-4c3d-8cd0-d45e21c0b005', 3, 'Items', 'Station truth care pick magazine wait nearly. Project identify soldier. President town voice around chance. Here yourself stay particular property evidence.', 6, 9184, '2022-07-10 00:00:00', '2024-03-31 00:00:00'),
('6d5f8e55-4a7a-4c3d-8cd0-d45e21c0b005', 14, 'XP Boost', 'Pretty seem well second of go. Heart specific boy possible especially suggest here. Realize indicate establish full energy.', 1, 6999, '2024-07-12 00:00:00', '2024-07-12 00:00:00'),
('2d54c332-c47c-4ce8-b30b-93065237f2d0', 60, 'Boosting', 'Any on finally environmental oil respond. Method history major top oil series think every. Style son well project nice.', 2, 819, '2023-08-09 00:00:00', '2023-08-12 00:00:00'),
('2d54c332-c47c-4ce8-b30b-93065237f2d0', 36, 'Early Access', 'Statement office right city increase.
Long grow behavior matter other. Could though garden air line kid central.', 9, 5523, '2023-12-15 00:00:00', '2024-08-06 00:00:00'),
('2d54c332-c47c-4ce8-b30b-93065237f2d0', 19, 'VIP Services', 'Their least medical common while student. Great him test mouth cut.
During science west meet. Baby time enough dark want guy. Large camera machine near thought.', 4, 6838, '2024-05-04 00:00:00', '2024-11-02 00:00:00'),
('2d54c332-c47c-4ce8-b30b-93065237f2d0', 58, 'Game Mods', 'Street toward nice energy century gas. Sometimes result mind during care remember economic.', 5, 6420, '2022-02-02 00:00:00', '2023-05-14 00:00:00'),
('2d54c332-c47c-4ce8-b30b-93065237f2d0', 13, 'Skins', 'Provide establish change. Fall themselves do manage so today whatever. Outside central value seat us yes.
Offer nation other boy. Strategy student art federal. Green soon officer light technology.', 1, 5051, '2022-06-25 00:00:00', '2024-10-14 00:00:00'),
('12f032fc-428b-4a59-8f2d-29d8943a4eee', 43, 'Currency Exchange', 'President eye possible drop language many she stock. Show knowledge account sort work.', 1, 4611, '2023-03-05 00:00:00', '2024-02-25 00:00:00'),
('12f032fc-428b-4a59-8f2d-29d8943a4eee', 15, 'Power Leveling', 'Sit of life somebody others conference citizen price. Human bed Congress cut chair area thousand.', 8, 5380, '2023-03-25 00:00:00', '2023-05-13 00:00:00'),
('12f032fc-428b-4a59-8f2d-29d8943a4eee', 29, 'Currency Exchange', 'Economy and happy condition might benefit power. Defense couple health pretty simple skill. Possible prevent because catch professor.', 2, 1644, '2023-08-19 00:00:00', '2023-10-18 00:00:00'),
('45ba600d-4f41-4ba3-ab59-9c998a52eb08', 21, 'Currency Exchange', 'Dream radio voice list official paper suggest machine. Guess idea particular impact who remember. Book more fact build.', 8, 1098, '2024-06-17 00:00:00', '2024-11-03 00:00:00'),
('45ba600d-4f41-4ba3-ab59-9c998a52eb08', 3, 'Loot Boxes', 'American push avoid break kitchen. Others capital discuss north ready.
Action small ok foreign inside. Total budget plan one help treat.
Chance make mouth speak service kind. Your follow top smile.', 5, 4519, '2023-01-11 00:00:00', '2024-11-01 00:00:00'),
('45ba600d-4f41-4ba3-ab59-9c998a52eb08', 25, 'Account Shop', 'Board any almost. Either evening young office structure.
Put myself beyond wide. Order that stock culture.
Moment talk tree itself front life budget. Rest them himself beat.', 5, 4285, '2022-03-24 00:00:00', '2024-11-24 00:00:00'),
('ce575100-8a73-4af0-9a9d-55fda7259473', 4, 'Tournaments', 'Ahead professor rule economy by. Anything hold hand leg. Training way adult fly wide leave.', 7, 8315, '2022-10-15 00:00:00', '2023-09-25 00:00:00'),
('ce575100-8a73-4af0-9a9d-55fda7259473', 22, 'Gold Sale', 'Else north well pick indicate something. Minute station resource.', NULL, 2424, '2022-07-11 00:00:00', '2022-12-20 00:00:00'),
('ce575100-8a73-4af0-9a9d-55fda7259473', 29, 'Account Shop', 'Student minute structure commercial. Government section happen product.
Mouth read fast join center. Responsibility former necessary fly.', 6, 5105, '2023-04-08 00:00:00', '2024-06-23 00:00:00'),
('9bafa63d-214a-4c4f-90d3-09f81befde85', 18, 'Skins', 'Whether audience see thus first voice long. Have blue add two.
Gas when civil especially meet. Political wish someone could box.', 7, 9052, '2022-10-26 00:00:00', '2024-10-19 00:00:00'),
('1eef54f6-86f6-4e1d-8301-0108f0d3e06e', 50, 'Season Pass', 'Main girl arrive ready include president issue. Happy different item girl school really his after. Follow security your state.', 8, 2741, '2024-02-04 00:00:00', '2024-08-26 00:00:00'),
('1eef54f6-86f6-4e1d-8301-0108f0d3e06e', 8, 'Exclusive Content', 'Write spring doctor late. Up decide adult lead ok.
Not who doctor together including house car. Center source term doctor. Possible book southern law commercial. Attorney generation police enter.', 8, 8961, '2024-02-18 00:00:00', '2024-03-24 00:00:00'),
('1eef54f6-86f6-4e1d-8301-0108f0d3e06e', 21, 'Game Currency', 'Number fund when body. Sound brother city say director material. Kid against west man day fly reflect.', NULL, 1002, '2022-12-20 00:00:00', '2023-11-26 00:00:00'),
('5079395d-d1c0-4986-b1a6-10b8a971a7c1', 14, 'Premium Account', 'Onto simply food watch staff. Beautiful think visit party.
Sometimes finally term simple behind money. Save choose fund win score term. Trial different network strong east collection.', 9, 6660, '2023-06-01 00:00:00', '2023-10-11 00:00:00'),
('5079395d-d1c0-4986-b1a6-10b8a971a7c1', 15, 'Power Leveling', 'Because per each career. Training person to discuss.
Sort television particularly simple true easy at. Wide machine law safe research.', NULL, 2036, '2024-02-19 00:00:00', '2024-04-26 00:00:00'),
('5079395d-d1c0-4986-b1a6-10b8a971a7c1', 57, 'Skins', 'Land gas under language cell third husband. Get show culture both.', 2, 1961, '2022-06-26 00:00:00', '2023-07-24 00:00:00'),
('2c98c038-674b-4bcd-8570-b2687f95d26d', 21, 'Exclusive Content', 'Like idea identify. Music window guy buy approach. Security well nice consumer their rate reveal.
Money agree defense at include little everything. Good down television network.', 1, 629, '2024-02-17 00:00:00', '2024-12-04 00:00:00'),
('2c98c038-674b-4bcd-8570-b2687f95d26d', 43, 'Season Pass', 'Establish they another exist individual get need.
Join whole experience movement able manage take. Already sure top color toward paper. Region drop standard might method.', 10, 2901, '2024-02-19 00:00:00', '2024-10-12 00:00:00'),
('2c98c038-674b-4bcd-8570-b2687f95d26d', 39, 'Premium Account', 'Price daughter husband develop. Nothing economic poor face which young institution. Gas level opportunity effort chair author manage.', 6, 5553, '2022-04-09 00:00:00', '2022-07-16 00:00:00'),
('2c98c038-674b-4bcd-8570-b2687f95d26d', 15, 'Currency Exchange', 'Indeed under second sound. Lot point could cover check stop early. Some rock across administration lose issue.', 7, 8214, '2023-05-26 00:00:00', '2023-05-26 00:00:00'),
('344a289d-6200-4b53-85da-c774ea1f96aa', 59, 'Tournaments', 'News staff push. Write former range than when popular. Culture box head effect hand debate better stuff.', 2, 8177, '2024-02-25 00:00:00', '2024-12-07 00:00:00'),
('344a289d-6200-4b53-85da-c774ea1f96aa', 25, 'VIP Services', 'Draw move over play which left respond. Hospital something on bag people. Middle important live.
Girl ground phone country last stop. Vote former own security enough perform.', NULL, 966, '2024-10-15 00:00:00', '2024-12-29 00:00:00'),
('344a289d-6200-4b53-85da-c774ea1f96aa', 42, 'Tournaments', 'Past check possible ground big. Color always play candidate let administration.', 9, 6019, '2022-07-24 00:00:00', '2024-08-03 00:00:00'),
('344a289d-6200-4b53-85da-c774ea1f96aa', 37, 'Early Access', 'Sell security item high. Less also establish fund respond.
Air room may conference contain with election. East plant tend price he born.
Administration animal about perhaps free.', 2, 8860, '2022-01-17 00:00:00', '2023-06-19 00:00:00'),
('21ff0069-de62-482e-8ebb-fa8285d03ce5', 1, 'Game Currency', 'Create compare other every. Factor maybe red exactly recently former meeting. Goal tell usually.', 10, 5412, '2022-07-10 00:00:00', '2024-03-07 00:00:00'),
('c178cc5a-6ad4-4fd8-a673-c92203cb6b26', 45, 'Exclusive Content', 'Us present husband international deep just president raise. Contain shake hospital then. Behind whose stock force learn yet.', 9, 2131, '2022-08-29 00:00:00', '2024-01-02 00:00:00'),
('c178cc5a-6ad4-4fd8-a673-c92203cb6b26', 49, 'Account Shop', 'Effort affect bed determine charge. Sister generation season quite director identify. Space claim door newspaper beyond.
Field throw guy difference. Plant rise enter simply happen.', NULL, 5595, '2022-11-24 00:00:00', '2024-12-30 00:00:00'),
('807a083a-912e-4c3f-b9e3-5b29fcad83b4', 56, 'Game Currency', 'Least region occur least night.
Serve myself among look much build. Network individual despite son office. Nothing care consider whole.', 7, 5043, '2022-05-06 00:00:00', '2024-08-02 00:00:00'),
('807a083a-912e-4c3f-b9e3-5b29fcad83b4', 46, 'Weapon Upgrade', 'Say draw view control claim nice father. Wide suggest company grow.
Number degree model. Should home give fund house.
Walk little least along third difficult. Create special cell production.', 5, 6366, '2024-06-06 00:00:00', '2024-11-14 00:00:00'),
('807a083a-912e-4c3f-b9e3-5b29fcad83b4', 56, 'Currency Exchange', 'Car young card join visit reveal travel. Offer result least. Every sport system season us.
Partner notice yeah security. Action decade marriage policy south.', 1, 5260, '2023-05-31 00:00:00', '2023-07-04 00:00:00');

INSERT INTO messages (sender_id, recipient_id, message_text, send_date) VALUES 
('58100edd-e748-4658-86ec-8c6037152eca', '807a083a-912e-4c3f-b9e3-5b29fcad83b4', 'I need some help with my game.', '2024-01-27 00:00:00'),
('ce575100-8a73-4af0-9a9d-55fda7259473', 'd675fd91-1348-4219-beda-d9dc33a7d773', 'Thanks for the quick response!', '2023-05-01 00:00:00'),
('2d54c332-c47c-4ce8-b30b-93065237f2d0', 'bea82191-5609-48aa-9db3-ac891e0449c9', 'Let''s play together this weekend!', '2023-07-03 00:00:00'),
('0d04d8f7-e3ab-4c32-ae62-b24c33f39f8b', 'de0683c9-0774-4679-906a-3c99ee72aea4', 'I have some questions about your service.', '2024-03-27 00:00:00'),
('45ba600d-4f41-4ba3-ab59-9c998a52eb08', '5e9bf5ab-fce2-4181-b14f-bf74a30d50b4', 'What is your availability for a session?', '2022-10-20 00:00:00'),
('a0b56a3d-91e7-4d05-8b86-75f164d5d505', '5e9bf5ab-fce2-4181-b14f-bf74a30d50b4', 'What is your availability for a session?', '2023-02-11 00:00:00'),
('b0e2fa66-651e-44fa-9a31-b8d58696ca52', 'a0b56a3d-91e7-4d05-8b86-75f164d5d505', 'When can you deliver my account?', '2023-12-07 00:00:00'),
('62a22383-87ef-436a-a279-44b9245f7535', 'a0b56a3d-91e7-4d05-8b86-75f164d5d505', 'When can you deliver my account?', '2022-08-29 00:00:00'),
('ce575100-8a73-4af0-9a9d-55fda7259473', '650116e3-27c6-441b-af25-da845348b39d', 'When can you deliver my account?', '2023-04-19 00:00:00'),
('1548a7e1-7b04-4ba8-9dc7-f6849bdeb06a', 'db2522a6-47d3-4660-88d1-892704ae014f', 'I''m interested in buying more gold.', '2023-12-21 00:00:00'),
('a4bf3300-34a7-4f66-8b00-ff5e5985f2a3', 'bc170bab-79e0-4966-8342-d0e7c3b53bdf', 'Great job on your last boost!', '2024-04-23 00:00:00'),
('f813afa8-7af6-48c4-9351-d8a5a610b061', 'de0683c9-0774-4679-906a-3c99ee72aea4', 'When can you deliver my account?', '2024-10-23 00:00:00'),
('4c708fac-eb6e-4683-80ca-770744710cbf', 'fa8b63f1-5767-4de1-90bb-fcf907ac5ee3', 'Hello, how are you?', '2023-05-24 00:00:00'),
('d675fd91-1348-4219-beda-d9dc33a7d773', '7f0f7721-73e4-4134-98db-b4468fe1e032', 'Let''s play together this weekend!', '2022-12-23 00:00:00'),
('344a289d-6200-4b53-85da-c774ea1f96aa', 'd52dfad9-f553-4b94-ac0c-1823cd58f9dc', 'I need some help with my game.', '2023-03-29 00:00:00'),
('5e9bf5ab-fce2-4181-b14f-bf74a30d50b4', 'bc170bab-79e0-4966-8342-d0e7c3b53bdf', 'Great job on your last boost!', '2024-07-25 00:00:00'),
('344a289d-6200-4b53-85da-c774ea1f96aa', '807a083a-912e-4c3f-b9e3-5b29fcad83b4', 'What is your availability for a session?', '2024-10-16 00:00:00'),
('72cd3435-9730-4872-9699-d1b549ac4bc3', '280ab1b6-276b-4e18-af4b-9549757b6133', 'I need some help with my game.', '2022-04-20 00:00:00'),
('5e9bf5ab-fce2-4181-b14f-bf74a30d50b4', '4c708fac-eb6e-4683-80ca-770744710cbf', 'I have some questions about your service.', '2022-08-27 00:00:00'),
('7f0f7721-73e4-4134-98db-b4468fe1e032', 'f813afa8-7af6-48c4-9351-d8a5a610b061', 'Great job on your last boost!', '2023-04-07 00:00:00'),
('fbde3819-753e-4d55-87bc-f12c45620482', '8eabca79-8961-49fc-8416-01094e5905fa', 'When can you deliver my account?', '2023-04-17 00:00:00'),
('0d04d8f7-e3ab-4c32-ae62-b24c33f39f8b', 'cbcbb62a-49ca-4dac-887e-87e7be901c92', 'Thanks for the quick response!', '2023-10-05 00:00:00'),
('21ff0069-de62-482e-8ebb-fa8285d03ce5', 'e3440db3-d470-431f-980c-9a2f9b52f10e', 'I''m interested in buying more gold.', '2024-05-13 00:00:00'),
('5e9bf5ab-fce2-4181-b14f-bf74a30d50b4', '12f032fc-428b-4a59-8f2d-29d8943a4eee', 'Can you send me the link?', '2022-09-26 00:00:00'),
('1548a7e1-7b04-4ba8-9dc7-f6849bdeb06a', '363b2c27-9948-45af-8d03-7d4905366253', 'What is your availability for a session?', '2024-07-01 00:00:00'),
('f9d11069-ab59-4098-987e-c19984206d82', '5e9bf5ab-fce2-4181-b14f-bf74a30d50b4', 'Thanks for the quick response!', '2022-03-13 00:00:00'),
('344a289d-6200-4b53-85da-c774ea1f96aa', '21ff0069-de62-482e-8ebb-fa8285d03ce5', 'Can you send me the link?', '2022-05-04 00:00:00'),
('fbf6b151-5498-4b3a-8984-5e44b7118b5e', 'f813afa8-7af6-48c4-9351-d8a5a610b061', 'What is your availability for a session?', '2022-03-21 00:00:00'),
('a4bf3300-34a7-4f66-8b00-ff5e5985f2a3', 'db2522a6-47d3-4660-88d1-892704ae014f', 'Let''s play together this weekend!', '2023-09-26 00:00:00'),
('5e9bf5ab-fce2-4181-b14f-bf74a30d50b4', 'b0e2fa66-651e-44fa-9a31-b8d58696ca52', 'I need some help with my game.', '2023-02-09 00:00:00'),
('807a083a-912e-4c3f-b9e3-5b29fcad83b4', 'de0683c9-0774-4679-906a-3c99ee72aea4', 'Great job on your last boost!', '2023-05-25 00:00:00'),
('363b2c27-9948-45af-8d03-7d4905366253', 'bc170bab-79e0-4966-8342-d0e7c3b53bdf', 'Great job on your last boost!', '2024-11-05 00:00:00'),
('8eabca79-8961-49fc-8416-01094e5905fa', '2c98c038-674b-4bcd-8570-b2687f95d26d', 'Hello, how are you?', '2022-12-25 00:00:00'),
('49e9dd44-787d-4f00-aeb2-83bb2e671076', '58100edd-e748-4658-86ec-8c6037152eca', 'Hello, how are you?', '2022-05-03 00:00:00'),
('45ba600d-4f41-4ba3-ab59-9c998a52eb08', 'db2522a6-47d3-4660-88d1-892704ae014f', 'Great job on your last boost!', '2024-02-16 00:00:00'),
('6c3484c6-3d65-429d-b1b1-c8ce080e363d', '21ff0069-de62-482e-8ebb-fa8285d03ce5', 'I need some help with my game.', '2023-05-12 00:00:00'),
('a4bf3300-34a7-4f66-8b00-ff5e5985f2a3', '807a083a-912e-4c3f-b9e3-5b29fcad83b4', 'What is your availability for a session?', '2024-08-15 00:00:00'),
('9bafa63d-214a-4c4f-90d3-09f81befde85', '5079395d-d1c0-4986-b1a6-10b8a971a7c1', 'I have some questions about your service.', '2022-01-19 00:00:00'),
('f9d11069-ab59-4098-987e-c19984206d82', '2ffd098b-2a67-4a1f-abd4-b1b43436c502', 'Can you send me the link?', '2023-10-29 00:00:00'),
('320d6fb8-a05c-4ca3-9518-36fb4f48d7e9', '5e9bf5ab-fce2-4181-b14f-bf74a30d50b4', 'Great job on your last boost!', '2024-12-28 00:00:00'),
('0d04d8f7-e3ab-4c32-ae62-b24c33f39f8b', 'e3440db3-d470-431f-980c-9a2f9b52f10e', 'Thanks for the quick response!', '2024-09-02 00:00:00'),
('fbde3819-753e-4d55-87bc-f12c45620482', '6177816f-5b5f-4844-b551-6bc20756bc8c', 'Hello, how are you?', '2022-12-16 00:00:00'),
('a0b56a3d-91e7-4d05-8b86-75f164d5d505', 'b0e2fa66-651e-44fa-9a31-b8d58696ca52', 'When can you deliver my account?', '2023-11-17 00:00:00'),
('f813afa8-7af6-48c4-9351-d8a5a610b061', '7f0f7721-73e4-4134-98db-b4468fe1e032', 'When can you deliver my account?', '2024-10-15 00:00:00'),
('45ba600d-4f41-4ba3-ab59-9c998a52eb08', '2d54c332-c47c-4ce8-b30b-93065237f2d0', 'Can you send me the link?', '2023-11-19 00:00:00'),
('280ab1b6-276b-4e18-af4b-9549757b6133', 'f813afa8-7af6-48c4-9351-d8a5a610b061', 'When can you deliver my account?', '2022-04-30 00:00:00'),
('5e9bf5ab-fce2-4181-b14f-bf74a30d50b4', 'fbde3819-753e-4d55-87bc-f12c45620482', 'I need some help with my game.', '2022-04-06 00:00:00'),
('f9d11069-ab59-4098-987e-c19984206d82', 'c178cc5a-6ad4-4fd8-a673-c92203cb6b26', 'I have some questions about your service.', '2023-01-28 00:00:00'),
('fbde3819-753e-4d55-87bc-f12c45620482', '80967f80-f08e-4f92-8419-7a8f7c35fb11', 'Thanks for the quick response!', '2022-09-24 00:00:00'),
('49e9dd44-787d-4f00-aeb2-83bb2e671076', '2d54c332-c47c-4ce8-b30b-93065237f2d0', 'What is your availability for a session?', '2023-12-08 00:00:00'),
('de0683c9-0774-4679-906a-3c99ee72aea4', '344a289d-6200-4b53-85da-c774ea1f96aa', 'Thanks for the quick response!', '2022-04-30 00:00:00'),
('ce575100-8a73-4af0-9a9d-55fda7259473', 'c178cc5a-6ad4-4fd8-a673-c92203cb6b26', 'I''m interested in buying more gold.', '2024-01-14 00:00:00'),
('58100edd-e748-4658-86ec-8c6037152eca', '0e5644b8-e03c-4936-9781-bb3bf5de4d55', 'Can you send me the link?', '2022-10-05 00:00:00'),
('2d54c332-c47c-4ce8-b30b-93065237f2d0', '72cd3435-9730-4872-9699-d1b549ac4bc3', 'I''m interested in buying more gold.', '2024-02-20 00:00:00'),
('5e9bf5ab-fce2-4181-b14f-bf74a30d50b4', '80967f80-f08e-4f92-8419-7a8f7c35fb11', 'Thanks for the quick response!', '2024-03-14 00:00:00'),
('5a343291-4016-4be2-8f12-29952b6ce893', 'aad22f56-c5ae-43f5-a9ea-ef08a2f9ee02', 'I''m interested in buying more gold.', '2024-04-03 00:00:00'),
('f813afa8-7af6-48c4-9351-d8a5a610b061', '0e5644b8-e03c-4936-9781-bb3bf5de4d55', 'I need some help with my game.', '2023-10-24 00:00:00'),
('4c708fac-eb6e-4683-80ca-770744710cbf', '72cd3435-9730-4872-9699-d1b549ac4bc3', 'When can you deliver my account?', '2022-02-14 00:00:00'),
('fbde3819-753e-4d55-87bc-f12c45620482', '8eabca79-8961-49fc-8416-01094e5905fa', 'I need some help with my game.', '2024-07-21 00:00:00'),
('b0e2fa66-651e-44fa-9a31-b8d58696ca52', 'e3440db3-d470-431f-980c-9a2f9b52f10e', 'Great job on your last boost!', '2024-08-22 00:00:00'),
('bc170bab-79e0-4966-8342-d0e7c3b53bdf', '2d54c332-c47c-4ce8-b30b-93065237f2d0', 'Thanks for the quick response!', '2022-03-14 00:00:00'),
('5079395d-d1c0-4986-b1a6-10b8a971a7c1', '280ab1b6-276b-4e18-af4b-9549757b6133', 'Thanks for the quick response!', '2023-01-03 00:00:00'),
('5a343291-4016-4be2-8f12-29952b6ce893', 'db2522a6-47d3-4660-88d1-892704ae014f', 'What is your availability for a session?', '2022-03-10 00:00:00'),
('0d04d8f7-e3ab-4c32-ae62-b24c33f39f8b', '1eef54f6-86f6-4e1d-8301-0108f0d3e06e', 'Let''s play together this weekend!', '2022-08-07 00:00:00'),
('c178cc5a-6ad4-4fd8-a673-c92203cb6b26', 'fbde3819-753e-4d55-87bc-f12c45620482', 'Great job on your last boost!', '2022-09-08 00:00:00'),
('de0683c9-0774-4679-906a-3c99ee72aea4', 'b0e2fa66-651e-44fa-9a31-b8d58696ca52', 'I''m interested in buying more gold.', '2023-09-29 00:00:00'),
('58100edd-e748-4658-86ec-8c6037152eca', '807a083a-912e-4c3f-b9e3-5b29fcad83b4', 'When can you deliver my account?', '2023-03-16 00:00:00'),
('1548a7e1-7b04-4ba8-9dc7-f6849bdeb06a', '7f0f7721-73e4-4134-98db-b4468fe1e032', 'What is your availability for a session?', '2024-01-21 00:00:00'),
('d52dfad9-f553-4b94-ac0c-1823cd58f9dc', 'c178cc5a-6ad4-4fd8-a673-c92203cb6b26', 'Hello, how are you?', '2024-11-26 00:00:00'),
('21ff0069-de62-482e-8ebb-fa8285d03ce5', '320d6fb8-a05c-4ca3-9518-36fb4f48d7e9', 'I''m interested in buying more gold.', '2023-11-02 00:00:00'),
('ce575100-8a73-4af0-9a9d-55fda7259473', 'f9d11069-ab59-4098-987e-c19984206d82', 'Can you send me the link?', '2022-07-21 00:00:00'),
('fa8b63f1-5767-4de1-90bb-fcf907ac5ee3', '45ba600d-4f41-4ba3-ab59-9c998a52eb08', 'When can you deliver my account?', '2023-02-14 00:00:00'),
('6d5f8e55-4a7a-4c3d-8cd0-d45e21c0b005', '8eabca79-8961-49fc-8416-01094e5905fa', 'Can you send me the link?', '2022-09-24 00:00:00'),
('bc170bab-79e0-4966-8342-d0e7c3b53bdf', '2ffd098b-2a67-4a1f-abd4-b1b43436c502', 'I need some help with my game.', '2023-05-02 00:00:00'),
('320d6fb8-a05c-4ca3-9518-36fb4f48d7e9', 'de0683c9-0774-4679-906a-3c99ee72aea4', 'I have some questions about your service.', '2023-12-24 00:00:00'),
('363b2c27-9948-45af-8d03-7d4905366253', 'e3440db3-d470-431f-980c-9a2f9b52f10e', 'I have some questions about your service.', '2024-03-13 00:00:00'),
('8eabca79-8961-49fc-8416-01094e5905fa', '0e5644b8-e03c-4936-9781-bb3bf5de4d55', 'Great job on your last boost!', '2024-10-18 00:00:00'),
('807a083a-912e-4c3f-b9e3-5b29fcad83b4', '21ff0069-de62-482e-8ebb-fa8285d03ce5', 'Let''s play together this weekend!', '2023-04-13 00:00:00'),
('650116e3-27c6-441b-af25-da845348b39d', 'e3440db3-d470-431f-980c-9a2f9b52f10e', 'Can you send me the link?', '2023-09-14 00:00:00'),
('2ffd098b-2a67-4a1f-abd4-b1b43436c502', 'a4bf3300-34a7-4f66-8b00-ff5e5985f2a3', 'Great job on your last boost!', '2022-08-05 00:00:00'),
('320d6fb8-a05c-4ca3-9518-36fb4f48d7e9', '5e9bf5ab-fce2-4181-b14f-bf74a30d50b4', 'When can you deliver my account?', '2022-08-03 00:00:00'),
('5e9bf5ab-fce2-4181-b14f-bf74a30d50b4', '21ff0069-de62-482e-8ebb-fa8285d03ce5', 'Great job on your last boost!', '2022-02-05 00:00:00'),
('80967f80-f08e-4f92-8419-7a8f7c35fb11', '6c3484c6-3d65-429d-b1b1-c8ce080e363d', 'Let''s play together this weekend!', '2022-09-14 00:00:00'),
('9bafa63d-214a-4c4f-90d3-09f81befde85', '6c3484c6-3d65-429d-b1b1-c8ce080e363d', 'Thanks for the quick response!', '2023-11-23 00:00:00'),
('4c708fac-eb6e-4683-80ca-770744710cbf', '5a343291-4016-4be2-8f12-29952b6ce893', 'Hello, how are you?', '2023-10-12 00:00:00'),
('c178cc5a-6ad4-4fd8-a673-c92203cb6b26', 'ce575100-8a73-4af0-9a9d-55fda7259473', 'I need some help with my game.', '2023-02-05 00:00:00'),
('8eabca79-8961-49fc-8416-01094e5905fa', '72cd3435-9730-4872-9699-d1b549ac4bc3', 'I have some questions about your service.', '2023-04-16 00:00:00'),
('d675fd91-1348-4219-beda-d9dc33a7d773', '7f0f7721-73e4-4134-98db-b4468fe1e032', 'When can you deliver my account?', '2024-11-26 00:00:00'),
('280ab1b6-276b-4e18-af4b-9549757b6133', '5a343291-4016-4be2-8f12-29952b6ce893', 'What is your availability for a session?', '2023-01-19 00:00:00'),
('363b2c27-9948-45af-8d03-7d4905366253', 'fbf6b151-5498-4b3a-8984-5e44b7118b5e', 'I need some help with my game.', '2024-01-24 00:00:00'),
('344a289d-6200-4b53-85da-c774ea1f96aa', 'bc170bab-79e0-4966-8342-d0e7c3b53bdf', 'Thanks for the quick response!', '2024-09-11 00:00:00'),
('aad22f56-c5ae-43f5-a9ea-ef08a2f9ee02', 'd675fd91-1348-4219-beda-d9dc33a7d773', 'Hello, how are you?', '2022-04-09 00:00:00'),
('7f0f7721-73e4-4134-98db-b4468fe1e032', '49e9dd44-787d-4f00-aeb2-83bb2e671076', 'Hello, how are you?', '2022-09-22 00:00:00'),
('fbf6b151-5498-4b3a-8984-5e44b7118b5e', '280ab1b6-276b-4e18-af4b-9549757b6133', 'I have some questions about your service.', '2024-08-19 00:00:00'),
('d52dfad9-f553-4b94-ac0c-1823cd58f9dc', '21ff0069-de62-482e-8ebb-fa8285d03ce5', 'Can you send me the link?', '2024-12-22 00:00:00'),
('d675fd91-1348-4219-beda-d9dc33a7d773', '5a343291-4016-4be2-8f12-29952b6ce893', 'Thanks for the quick response!', '2023-03-27 00:00:00'),
('ce575100-8a73-4af0-9a9d-55fda7259473', '280ab1b6-276b-4e18-af4b-9549757b6133', 'Let''s play together this weekend!', '2022-03-22 00:00:00'),
('bea82191-5609-48aa-9db3-ac891e0449c9', 'b0e2fa66-651e-44fa-9a31-b8d58696ca52', 'Can you send me the link?', '2023-11-06 00:00:00'),
('c178cc5a-6ad4-4fd8-a673-c92203cb6b26', 'a4bf3300-34a7-4f66-8b00-ff5e5985f2a3', 'I have some questions about your service.', '2022-10-07 00:00:00'),
('de0683c9-0774-4679-906a-3c99ee72aea4', '1eef54f6-86f6-4e1d-8301-0108f0d3e06e', 'Hello, how are you?', '2023-09-21 00:00:00');

INSERT INTO payment_systems (name) VALUES 
('PayPal'),
('Apple Pay'),
('CashApp'),
('Bitcoin'),
('Ripple'),
('Stripe'),
('Revolut'),
('Payoneer'),
('Wise'),
('Skrill'),
('Zelle'),
('Square'),
('Litecoin'),
('WebMoney'),
('Venmo');

-- INSERT INTO payment_details (user_id, payment_system_id, details) VALUES 
-- ('e3440db3-d470-431f-980c-9a2f9b52f10e', 13, 'Details_5051'),
-- ('49e9dd44-787d-4f00-aeb2-83bb2e671076', 12, 'Details_6024'),
-- ('6177816f-5b5f-4844-b551-6bc20756bc8c', 10, 'Details_3050'),
-- ('e3440db3-d470-431f-980c-9a2f9b52f10e', 14, 'Details_9027'),
-- ('5079395d-d1c0-4986-b1a6-10b8a971a7c1', 5, 'Details_5860'),
-- ('f813afa8-7af6-48c4-9351-d8a5a610b061', 2, 'Details_3312'),
-- ('0e5644b8-e03c-4936-9781-bb3bf5de4d55', 8, 'Details_1011'),
-- ('58100edd-e748-4658-86ec-8c6037152eca', 11, 'Details_9218'),
-- ('a0b56a3d-91e7-4d05-8b86-75f164d5d505', 4, 'Details_1928'),
-- ('807a083a-912e-4c3f-b9e3-5b29fcad83b4', 11, 'Details_2486'),
-- ('fbde3819-753e-4d55-87bc-f12c45620482', 12, 'Details_3908'),
-- ('9bafa63d-214a-4c4f-90d3-09f81befde85', 10, 'Details_8472'),
-- ('0e5644b8-e03c-4936-9781-bb3bf5de4d55', 13, 'Details_8655'),
-- ('f9d11069-ab59-4098-987e-c19984206d82', 2, 'Details_5294'),
-- ('5a343291-4016-4be2-8f12-29952b6ce893', 14, 'Details_5069'),
-- ('49e9dd44-787d-4f00-aeb2-83bb2e671076', 10, 'Details_8312'),
-- ('5e9bf5ab-fce2-4181-b14f-bf74a30d50b4', 10, 'Details_4753'),
-- ('f9d11069-ab59-4098-987e-c19984206d82', 3, 'Details_7395'),
-- ('8eabca79-8961-49fc-8416-01094e5905fa', 14, 'Details_8560'),
-- ('aad22f56-c5ae-43f5-a9ea-ef08a2f9ee02', 11, 'Details_4705'),
-- ('0d04d8f7-e3ab-4c32-ae62-b24c33f39f8b', 14, 'Details_3448'),
-- ('f9d11069-ab59-4098-987e-c19984206d82', 4, 'Details_9058'),
-- ('1eef54f6-86f6-4e1d-8301-0108f0d3e06e', 3, 'Details_4848'),
-- ('5a343291-4016-4be2-8f12-29952b6ce893', 7, 'Details_2805'),
-- ('7f0f7721-73e4-4134-98db-b4468fe1e032', 8, 'Details_1447'),
-- ('f9d11069-ab59-4098-987e-c19984206d82', 13, 'Details_2083'),
-- ('2ffd098b-2a67-4a1f-abd4-b1b43436c502', 4, 'Details_6470'),
-- ('f813afa8-7af6-48c4-9351-d8a5a610b061', 9, 'Details_6434'),
-- ('0d04d8f7-e3ab-4c32-ae62-b24c33f39f8b', 12, 'Details_5047'),
-- ('fbde3819-753e-4d55-87bc-f12c45620482', 7, 'Details_6225'),
-- ('cbcbb62a-49ca-4dac-887e-87e7be901c92', 15, 'Details_9305'),
-- ('e3440db3-d470-431f-980c-9a2f9b52f10e', 9, 'Details_5799'),
-- ('f813afa8-7af6-48c4-9351-d8a5a610b061', 9, 'Details_6633'),
-- ('a4bf3300-34a7-4f66-8b00-ff5e5985f2a3', 6, 'Details_2994'),
-- ('bc170bab-79e0-4966-8342-d0e7c3b53bdf', 8, 'Details_9963'),
-- ('21ff0069-de62-482e-8ebb-fa8285d03ce5', 3, 'Details_7531'),
-- ('49e9dd44-787d-4f00-aeb2-83bb2e671076', 7, 'Details_3806'),
-- ('a0b56a3d-91e7-4d05-8b86-75f164d5d505', 6, 'Details_8814'),
-- ('2ffd098b-2a67-4a1f-abd4-b1b43436c502', 14, 'Details_7917'),
-- ('1eef54f6-86f6-4e1d-8301-0108f0d3e06e', 1, 'Details_4569'),
-- ('b0e2fa66-651e-44fa-9a31-b8d58696ca52', 6, 'Details_7189'),
-- ('320d6fb8-a05c-4ca3-9518-36fb4f48d7e9', 14, 'Details_3730'),
-- ('7f0f7721-73e4-4134-98db-b4468fe1e032', 2, 'Details_9521'),
-- ('2ffd098b-2a67-4a1f-abd4-b1b43436c502', 6, 'Details_4135'),
-- ('f813afa8-7af6-48c4-9351-d8a5a610b061', 4, 'Details_4763'),
-- ('363b2c27-9948-45af-8d03-7d4905366253', 5, 'Details_8561'),
-- ('12f032fc-428b-4a59-8f2d-29d8943a4eee', 13, 'Details_2935'),
-- ('a0b56a3d-91e7-4d05-8b86-75f164d5d505', 15, 'Details_8936'),
-- ('aad22f56-c5ae-43f5-a9ea-ef08a2f9ee02', 9, 'Details_6103'),
-- ('fbf6b151-5498-4b3a-8984-5e44b7118b5e', 11, 'Details_2499'),
-- ('6177816f-5b5f-4844-b551-6bc20756bc8c', 6, 'Details_1014'),
-- ('5e9bf5ab-fce2-4181-b14f-bf74a30d50b4', 15, 'Details_5182'),
-- ('b0e2fa66-651e-44fa-9a31-b8d58696ca52', 2, 'Details_7243'),
-- ('cbcbb62a-49ca-4dac-887e-87e7be901c92', 3, 'Details_4155'),
-- ('2c98c038-674b-4bcd-8570-b2687f95d26d', 13, 'Details_4245'),
-- ('5e9bf5ab-fce2-4181-b14f-bf74a30d50b4', 12, 'Details_4923'),
-- ('bc170bab-79e0-4966-8342-d0e7c3b53bdf', 12, 'Details_3568'),
-- ('bc170bab-79e0-4966-8342-d0e7c3b53bdf', 8, 'Details_2092'),
-- ('21ff0069-de62-482e-8ebb-fa8285d03ce5', 1, 'Details_5037'),
-- ('d52dfad9-f553-4b94-ac0c-1823cd58f9dc', 4, 'Details_3965'),
-- ('6c3484c6-3d65-429d-b1b1-c8ce080e363d', 9, 'Details_8290'),
-- ('f813afa8-7af6-48c4-9351-d8a5a610b061', 1, 'Details_6887'),
-- ('5a343291-4016-4be2-8f12-29952b6ce893', 6, 'Details_4423'),
-- ('5079395d-d1c0-4986-b1a6-10b8a971a7c1', 2, 'Details_7504'),
-- ('650116e3-27c6-441b-af25-da845348b39d', 9, 'Details_7704'),
-- ('bc170bab-79e0-4966-8342-d0e7c3b53bdf', 1, 'Details_6160'),
-- ('db2522a6-47d3-4660-88d1-892704ae014f', 14, 'Details_2796'),
-- ('2d54c332-c47c-4ce8-b30b-93065237f2d0', 11, 'Details_7927'),
-- ('72cd3435-9730-4872-9699-d1b549ac4bc3', 14, 'Details_6991'),
-- ('0d04d8f7-e3ab-4c32-ae62-b24c33f39f8b', 10, 'Details_7417');

-- INSERT INTO deal_status (name) VALUES ('PAID'), ('CANCELLED'), ('IN_PROGRESS');
-- INSERT INTO deals (service_id, user_buyer_id, payment_system_id, deal_status_id, quantity_purchased, deal_start, deal_end) VALUES 
-- (93, '72cd3435-9730-4872-9699-d1b549ac4bc3', 4, 2, 7, '2024-09-21 00:00:00', NULL),
-- (29, '344a289d-6200-4b53-85da-c774ea1f96aa', 10, 1, NULL, '2024-09-08 00:00:00', '2024-10-04 00:00:00'),
-- (13, 'd675fd91-1348-4219-beda-d9dc33a7d773', 9, 1, 2, '2024-09-24 00:00:00', NULL),
-- (74, 'e3440db3-d470-431f-980c-9a2f9b52f10e', 14, 2, NULL, '2022-07-12 00:00:00', NULL),
-- (91, '5079395d-d1c0-4986-b1a6-10b8a971a7c1', 12, 1, NULL, '2023-08-08 00:00:00', '2024-07-28 00:00:00'),
-- (49, '58100edd-e748-4658-86ec-8c6037152eca', 12, 3, NULL, '2023-03-31 00:00:00', NULL),
-- (19, '344a289d-6200-4b53-85da-c774ea1f96aa', 15, 2, NULL, '2022-01-14 00:00:00', '2024-10-14 00:00:00'),
-- (76, 'fbf6b151-5498-4b3a-8984-5e44b7118b5e', 3, 2, NULL, '2022-03-26 00:00:00', '2024-11-22 00:00:00'),
-- (66, 'de0683c9-0774-4679-906a-3c99ee72aea4', 7, 2, 2, '2024-12-25 00:00:00', '2024-12-27 00:00:00'),
-- (58, 'b0e2fa66-651e-44fa-9a31-b8d58696ca52', 4, 3, NULL, '2024-07-12 00:00:00', NULL),
-- (69, '0e5644b8-e03c-4936-9781-bb3bf5de4d55', 13, 3, NULL, '2022-04-19 00:00:00', '2022-12-21 00:00:00'),
-- (87, '1548a7e1-7b04-4ba8-9dc7-f6849bdeb06a', 10, 3, NULL, '2024-06-01 00:00:00', NULL),
-- (76, '2c98c038-674b-4bcd-8570-b2687f95d26d', 8, 2, NULL, '2022-08-13 00:00:00', '2023-10-07 00:00:00'),
-- (11, 'd52dfad9-f553-4b94-ac0c-1823cd58f9dc', 12, 1, NULL, '2022-12-29 00:00:00', NULL),
-- (75, '5e9bf5ab-fce2-4181-b14f-bf74a30d50b4', 1, 1, NULL, '2022-06-08 00:00:00', NULL),
-- (82, '80967f80-f08e-4f92-8419-7a8f7c35fb11', 11, 3, NULL, '2022-01-08 00:00:00', NULL),
-- (61, 'fbde3819-753e-4d55-87bc-f12c45620482', 12, 3, 3, '2024-10-21 00:00:00', NULL),
-- (43, 'db2522a6-47d3-4660-88d1-892704ae014f', 12, 3, 4, '2022-09-08 00:00:00', NULL),
-- (21, '9bafa63d-214a-4c4f-90d3-09f81befde85', 13, 3, NULL, '2024-01-24 00:00:00', '2024-09-13 00:00:00'),
-- (1, 'bea82191-5609-48aa-9db3-ac891e0449c9', 13, 3, 2, '2024-06-05 00:00:00', NULL),
-- (40, '4c708fac-eb6e-4683-80ca-770744710cbf', 9, 2, 9, '2023-10-03 00:00:00', '2024-01-10 00:00:00'),
-- (1, 'fa8b63f1-5767-4de1-90bb-fcf907ac5ee3', 11, 3, 5, '2024-03-12 00:00:00', NULL),
-- (19, '0d04d8f7-e3ab-4c32-ae62-b24c33f39f8b', 5, 3, 10, '2023-10-03 00:00:00', NULL),
-- (39, '12f032fc-428b-4a59-8f2d-29d8943a4eee', 7, 1, NULL, '2024-10-11 00:00:00', NULL),
-- (48, '5a343291-4016-4be2-8f12-29952b6ce893', 13, 1, 8, '2022-02-16 00:00:00', NULL),
-- (72, 'fbf6b151-5498-4b3a-8984-5e44b7118b5e', 5, 3, 2, '2023-08-23 00:00:00', NULL),
-- (1, '363b2c27-9948-45af-8d03-7d4905366253', 15, 1, 7, '2022-05-04 00:00:00', NULL),
-- (82, 'a0b56a3d-91e7-4d05-8b86-75f164d5d505', 9, 3, NULL, '2023-04-14 00:00:00', NULL),
-- (84, 'bc170bab-79e0-4966-8342-d0e7c3b53bdf', 6, 1, 5, '2023-10-15 00:00:00', '2023-10-22 00:00:00'),
-- (22, '12f032fc-428b-4a59-8f2d-29d8943a4eee', 7, 1, 2, '2023-08-04 00:00:00', NULL),
-- (32, 'a0b56a3d-91e7-4d05-8b86-75f164d5d505', 1, 1, 2, '2022-08-17 00:00:00', NULL),
-- (23, '8eabca79-8961-49fc-8416-01094e5905fa', 6, 3, 3, '2023-07-15 00:00:00', NULL),
-- (6, 'ce575100-8a73-4af0-9a9d-55fda7259473', 14, 1, 6, '2022-03-05 00:00:00', '2024-04-15 00:00:00'),
-- (56, '6c3484c6-3d65-429d-b1b1-c8ce080e363d', 4, 2, 5, '2023-08-18 00:00:00', NULL),
-- (39, '320d6fb8-a05c-4ca3-9518-36fb4f48d7e9', 6, 3, NULL, '2023-01-25 00:00:00', NULL),
-- (33, '62a22383-87ef-436a-a279-44b9245f7535', 13, 2, 2, '2024-02-09 00:00:00', NULL),
-- (43, 'd52dfad9-f553-4b94-ac0c-1823cd58f9dc', 8, 3, 7, '2022-08-11 00:00:00', '2022-09-04 00:00:00'),
-- (91, '363b2c27-9948-45af-8d03-7d4905366253', 1, 1, 8, '2022-07-15 00:00:00', NULL),
-- (86, 'a0b56a3d-91e7-4d05-8b86-75f164d5d505', 2, 2, 8, '2024-10-01 00:00:00', '2024-10-23 00:00:00'),
-- (19, '62a22383-87ef-436a-a279-44b9245f7535', 2, 2, 4, '2023-02-14 00:00:00', NULL),
-- (57, '6177816f-5b5f-4844-b551-6bc20756bc8c', 9, 1, NULL, '2024-04-22 00:00:00', NULL),
-- (77, '5a343291-4016-4be2-8f12-29952b6ce893', 10, 3, NULL, '2022-11-09 00:00:00', '2024-09-07 00:00:00'),
-- (87, '4c708fac-eb6e-4683-80ca-770744710cbf', 2, 2, NULL, '2022-10-22 00:00:00', NULL),
-- (49, 'f813afa8-7af6-48c4-9351-d8a5a610b061', 12, 1, NULL, '2024-02-22 00:00:00', NULL),
-- (65, '1548a7e1-7b04-4ba8-9dc7-f6849bdeb06a', 13, 1, NULL, '2024-08-16 00:00:00', NULL),
-- (36, '4c708fac-eb6e-4683-80ca-770744710cbf', 4, 2, 9, '2022-08-30 00:00:00', NULL),
-- (94, 'f9d11069-ab59-4098-987e-c19984206d82', 10, 3, 9, '2022-08-17 00:00:00', '2022-09-02 00:00:00'),
-- (70, '45ba600d-4f41-4ba3-ab59-9c998a52eb08', 4, 1, 5, '2023-02-05 00:00:00', NULL),
-- (29, '58100edd-e748-4658-86ec-8c6037152eca', 12, 1, 1, '2022-11-23 00:00:00', '2023-07-06 00:00:00'),
-- (51, '7f0f7721-73e4-4134-98db-b4468fe1e032', 10, 1, NULL, '2023-01-01 00:00:00', '2023-06-04 00:00:00'),
-- (89, '2c98c038-674b-4bcd-8570-b2687f95d26d', 11, 1, NULL, '2023-01-18 00:00:00', NULL),
-- (90, 'fbf6b151-5498-4b3a-8984-5e44b7118b5e', 2, 1, NULL, '2023-02-03 00:00:00', NULL),
-- (32, '0e5644b8-e03c-4936-9781-bb3bf5de4d55', 12, 1, NULL, '2023-08-13 00:00:00', '2023-08-29 00:00:00'),
-- (10, '0d04d8f7-e3ab-4c32-ae62-b24c33f39f8b', 6, 1, 2, '2024-02-24 00:00:00', NULL),
-- (87, '45ba600d-4f41-4ba3-ab59-9c998a52eb08', 1, 1, NULL, '2024-05-07 00:00:00', '2024-05-10 00:00:00'),
-- (28, '344a289d-6200-4b53-85da-c774ea1f96aa', 6, 3, NULL, '2022-06-15 00:00:00', '2022-11-10 00:00:00'),
-- (58, 'fbf6b151-5498-4b3a-8984-5e44b7118b5e', 9, 1, NULL, '2022-04-13 00:00:00', '2024-02-19 00:00:00'),
-- (2, 'c178cc5a-6ad4-4fd8-a673-c92203cb6b26', 14, 3, NULL, '2022-09-24 00:00:00', '2024-03-27 00:00:00'),
-- (7, '72cd3435-9730-4872-9699-d1b549ac4bc3', 1, 1, NULL, '2023-07-21 00:00:00', NULL),
-- (20, 'fa8b63f1-5767-4de1-90bb-fcf907ac5ee3', 15, 3, 4, '2022-03-28 00:00:00', NULL),
-- (31, 'fbde3819-753e-4d55-87bc-f12c45620482', 15, 2, NULL, '2022-06-01 00:00:00', '2023-12-14 00:00:00'),
-- (66, '58100edd-e748-4658-86ec-8c6037152eca', 1, 2, NULL, '2023-09-08 00:00:00', NULL),
-- (35, '8eabca79-8961-49fc-8416-01094e5905fa', 9, 1, 4, '2023-04-15 00:00:00', NULL),
-- (27, '650116e3-27c6-441b-af25-da845348b39d', 10, 1, 3, '2023-04-18 00:00:00', NULL),
-- (25, '62a22383-87ef-436a-a279-44b9245f7535', 8, 3, 10, '2024-08-29 00:00:00', NULL),
-- (94, '5e9bf5ab-fce2-4181-b14f-bf74a30d50b4', 1, 2, 5, '2024-10-19 00:00:00', NULL),
-- (94, '4c708fac-eb6e-4683-80ca-770744710cbf', 14, 3, NULL, '2023-04-21 00:00:00', NULL),
-- (52, '344a289d-6200-4b53-85da-c774ea1f96aa', 5, 2, 10, '2022-12-29 00:00:00', '2022-12-31 00:00:00'),
-- (79, '6d5f8e55-4a7a-4c3d-8cd0-d45e21c0b005', 2, 2, 6, '2022-06-11 00:00:00', '2023-10-15 00:00:00'),
-- (82, '2d54c332-c47c-4ce8-b30b-93065237f2d0', 9, 3, NULL, '2024-06-19 00:00:00', '2024-07-13 00:00:00'),
-- (80, '62a22383-87ef-436a-a279-44b9245f7535', 13, 1, 5, '2023-03-22 00:00:00', NULL),
-- (96, '2ffd098b-2a67-4a1f-abd4-b1b43436c502', 14, 1, NULL, '2022-07-18 00:00:00', '2023-05-07 00:00:00'),
-- (60, 'fbde3819-753e-4d55-87bc-f12c45620482', 8, 2, NULL, '2022-04-12 00:00:00', NULL),
-- (33, 'c178cc5a-6ad4-4fd8-a673-c92203cb6b26', 10, 2, 10, '2023-09-27 00:00:00', NULL),
-- (19, '80967f80-f08e-4f92-8419-7a8f7c35fb11', 4, 2, 10, '2024-02-18 00:00:00', '2024-04-06 00:00:00'),
-- (91, '5e9bf5ab-fce2-4181-b14f-bf74a30d50b4', 4, 2, NULL, '2022-11-01 00:00:00', NULL),
-- (65, '72cd3435-9730-4872-9699-d1b549ac4bc3', 1, 1, 3, '2024-01-24 00:00:00', NULL),
-- (79, '72cd3435-9730-4872-9699-d1b549ac4bc3', 3, 3, 3, '2024-08-26 00:00:00', NULL),
-- (43, '2c98c038-674b-4bcd-8570-b2687f95d26d', 5, 2, NULL, '2023-08-06 00:00:00', NULL),
-- (44, 'fa8b63f1-5767-4de1-90bb-fcf907ac5ee3', 11, 1, 2, '2022-06-05 00:00:00', '2024-07-10 00:00:00'),
-- (86, 'e3440db3-d470-431f-980c-9a2f9b52f10e', 5, 3, 9, '2022-10-24 00:00:00', NULL),
-- (16, 'bc170bab-79e0-4966-8342-d0e7c3b53bdf', 8, 1, NULL, '2023-01-04 00:00:00', '2024-12-01 00:00:00'),
-- (100, '280ab1b6-276b-4e18-af4b-9549757b6133', 9, 1, 6, '2023-10-21 00:00:00', NULL),
-- (76, '12f032fc-428b-4a59-8f2d-29d8943a4eee', 3, 2, NULL, '2024-04-26 00:00:00', NULL),
-- (82, '6d5f8e55-4a7a-4c3d-8cd0-d45e21c0b005', 1, 1, 5, '2022-09-22 00:00:00', NULL),
-- (16, '12f032fc-428b-4a59-8f2d-29d8943a4eee', 10, 3, NULL, '2022-03-24 00:00:00', '2022-03-31 00:00:00'),
-- (87, 'a4bf3300-34a7-4f66-8b00-ff5e5985f2a3', 5, 3, NULL, '2024-08-22 00:00:00', NULL),
-- (70, '2ffd098b-2a67-4a1f-abd4-b1b43436c502', 5, 2, NULL, '2022-08-19 00:00:00', NULL),
-- (29, 'de0683c9-0774-4679-906a-3c99ee72aea4', 8, 1, 3, '2023-07-02 00:00:00', NULL),
-- (5, 'fbde3819-753e-4d55-87bc-f12c45620482', 2, 3, NULL, '2023-10-26 00:00:00', '2023-10-29 00:00:00'),
-- (56, 'fa8b63f1-5767-4de1-90bb-fcf907ac5ee3', 10, 3, 1, '2023-05-13 00:00:00', NULL),
-- (56, 'a0b56a3d-91e7-4d05-8b86-75f164d5d505', 10, 3, 10, '2023-08-22 00:00:00', '2024-01-11 00:00:00'),
-- (22, '62a22383-87ef-436a-a279-44b9245f7535', 2, 1, 10, '2024-06-19 00:00:00', NULL),
-- (21, 'aad22f56-c5ae-43f5-a9ea-ef08a2f9ee02', 6, 1, NULL, '2022-04-04 00:00:00', '2024-08-31 00:00:00'),
-- (12, '1548a7e1-7b04-4ba8-9dc7-f6849bdeb06a', 5, 3, NULL, '2024-06-12 00:00:00', '2024-07-12 00:00:00'),
-- (92, 'aad22f56-c5ae-43f5-a9ea-ef08a2f9ee02', 4, 1, 1, '2022-07-27 00:00:00', NULL),
-- (41, '80967f80-f08e-4f92-8419-7a8f7c35fb11', 10, 1, NULL, '2023-09-16 00:00:00', NULL),
-- (75, '1eef54f6-86f6-4e1d-8301-0108f0d3e06e', 11, 2, 6, '2024-10-18 00:00:00', NULL),
-- (27, '650116e3-27c6-441b-af25-da845348b39d', 12, 1, 7, '2023-11-27 00:00:00', NULL),
-- (52, '363b2c27-9948-45af-8d03-7d4905366253', 4, 3, NULL, '2023-09-16 00:00:00', '2023-10-02 00:00:00');

-- INSERT INTO reviews (user_id, deal_id, grade, comment, DATE) VALUES 
-- ('bea82191-5609-48aa-9db3-ac891e0449c9', 63, 5, 'Random review comment for deal 63 and user bea82191-5609-48aa-9db3-ac891e0449c9', '2022-04-18 00:00:00'),
-- ('807a083a-912e-4c3f-b9e3-5b29fcad83b4', 93, 3, 'Random review comment for deal 93 and user 807a083a-912e-4c3f-b9e3-5b29fcad83b4', '2022-01-17 00:00:00'),
-- ('a4bf3300-34a7-4f66-8b00-ff5e5985f2a3', 55, 1, 'Random review comment for deal 55 and user a4bf3300-34a7-4f66-8b00-ff5e5985f2a3', '2024-03-31 00:00:00'),
-- ('6c3484c6-3d65-429d-b1b1-c8ce080e363d', 16, 2, 'Random review comment for deal 16 and user 6c3484c6-3d65-429d-b1b1-c8ce080e363d', '2023-05-03 00:00:00'),
-- ('7f0f7721-73e4-4134-98db-b4468fe1e032', 77, 5, 'Random review comment for deal 77 and user 7f0f7721-73e4-4134-98db-b4468fe1e032', '2022-06-27 00:00:00'),
-- ('bc170bab-79e0-4966-8342-d0e7c3b53bdf', 64, 5, 'Random review comment for deal 64 and user bc170bab-79e0-4966-8342-d0e7c3b53bdf', '2023-12-23 00:00:00'),
-- ('fbf6b151-5498-4b3a-8984-5e44b7118b5e', 75, 4, 'Random review comment for deal 75 and user fbf6b151-5498-4b3a-8984-5e44b7118b5e', '2023-04-07 00:00:00'),
-- ('ce575100-8a73-4af0-9a9d-55fda7259473', 60, 1, 'Random review comment for deal 60 and user ce575100-8a73-4af0-9a9d-55fda7259473', '2024-12-12 00:00:00'),
-- ('f813afa8-7af6-48c4-9351-d8a5a610b061', 59, 3, 'Random review comment for deal 59 and user f813afa8-7af6-48c4-9351-d8a5a610b061', '2022-05-17 00:00:00'),
-- ('cbcbb62a-49ca-4dac-887e-87e7be901c92', 42, 2, 'Random review comment for deal 42 and user cbcbb62a-49ca-4dac-887e-87e7be901c92', '2023-01-13 00:00:00'),
-- ('58100edd-e748-4658-86ec-8c6037152eca', 63, 4, 'Random review comment for deal 63 and user 58100edd-e748-4658-86ec-8c6037152eca', '2024-06-11 00:00:00'),
-- ('fbf6b151-5498-4b3a-8984-5e44b7118b5e', 34, 5, 'Random review comment for deal 34 and user fbf6b151-5498-4b3a-8984-5e44b7118b5e', '2024-05-14 00:00:00'),
-- ('4c708fac-eb6e-4683-80ca-770744710cbf', 67, 5, 'Random review comment for deal 67 and user 4c708fac-eb6e-4683-80ca-770744710cbf', '2024-11-27 00:00:00'),
-- ('bc170bab-79e0-4966-8342-d0e7c3b53bdf', 77, 2, 'Random review comment for deal 77 and user bc170bab-79e0-4966-8342-d0e7c3b53bdf', '2022-12-26 00:00:00'),
-- ('280ab1b6-276b-4e18-af4b-9549757b6133', 86, 1, 'Random review comment for deal 86 and user 280ab1b6-276b-4e18-af4b-9549757b6133', '2023-03-27 00:00:00'),
-- ('aad22f56-c5ae-43f5-a9ea-ef08a2f9ee02', 38, 2, 'Random review comment for deal 38 and user aad22f56-c5ae-43f5-a9ea-ef08a2f9ee02', '2024-10-24 00:00:00'),
-- ('4c708fac-eb6e-4683-80ca-770744710cbf', 22, 4, 'Random review comment for deal 22 and user 4c708fac-eb6e-4683-80ca-770744710cbf', '2022-10-04 00:00:00'),
-- ('58100edd-e748-4658-86ec-8c6037152eca', 51, 1, 'Random review comment for deal 51 and user 58100edd-e748-4658-86ec-8c6037152eca', '2022-02-14 00:00:00'),
-- ('bea82191-5609-48aa-9db3-ac891e0449c9', 36, 5, 'Random review comment for deal 36 and user bea82191-5609-48aa-9db3-ac891e0449c9', '2023-05-10 00:00:00'),
-- ('c178cc5a-6ad4-4fd8-a673-c92203cb6b26', 13, 3, 'Random review comment for deal 13 and user c178cc5a-6ad4-4fd8-a673-c92203cb6b26', '2023-07-20 00:00:00'),
-- ('a0b56a3d-91e7-4d05-8b86-75f164d5d505', 98, 4, 'Random review comment for deal 98 and user a0b56a3d-91e7-4d05-8b86-75f164d5d505', '2024-12-25 00:00:00'),
-- ('f9d11069-ab59-4098-987e-c19984206d82', 22, 2, 'Random review comment for deal 22 and user f9d11069-ab59-4098-987e-c19984206d82', '2024-04-21 00:00:00'),
-- ('bea82191-5609-48aa-9db3-ac891e0449c9', 46, 2, 'Random review comment for deal 46 and user bea82191-5609-48aa-9db3-ac891e0449c9', '2023-09-01 00:00:00'),
-- ('2c98c038-674b-4bcd-8570-b2687f95d26d', 73, 3, 'Random review comment for deal 73 and user 2c98c038-674b-4bcd-8570-b2687f95d26d', '2023-10-28 00:00:00'),
-- ('d675fd91-1348-4219-beda-d9dc33a7d773', 82, 4, 'Random review comment for deal 82 and user d675fd91-1348-4219-beda-d9dc33a7d773', '2022-09-30 00:00:00'),
-- ('6d5f8e55-4a7a-4c3d-8cd0-d45e21c0b005', 89, 3, 'Random review comment for deal 89 and user 6d5f8e55-4a7a-4c3d-8cd0-d45e21c0b005', '2023-01-14 00:00:00'),
-- ('6c3484c6-3d65-429d-b1b1-c8ce080e363d', 68, 2, 'Random review comment for deal 68 and user 6c3484c6-3d65-429d-b1b1-c8ce080e363d', '2024-12-30 00:00:00'),
-- ('280ab1b6-276b-4e18-af4b-9549757b6133', 54, 1, 'Random review comment for deal 54 and user 280ab1b6-276b-4e18-af4b-9549757b6133', '2022-08-25 00:00:00'),
-- ('fbde3819-753e-4d55-87bc-f12c45620482', 67, 3, 'Random review comment for deal 67 and user fbde3819-753e-4d55-87bc-f12c45620482', '2023-09-22 00:00:00'),
-- ('650116e3-27c6-441b-af25-da845348b39d', 4, 1, 'Random review comment for deal 4 and user 650116e3-27c6-441b-af25-da845348b39d', '2022-12-29 00:00:00'),
-- ('0e5644b8-e03c-4936-9781-bb3bf5de4d55', 26, 1, 'Random review comment for deal 26 and user 0e5644b8-e03c-4936-9781-bb3bf5de4d55', '2023-10-05 00:00:00'),
-- ('cbcbb62a-49ca-4dac-887e-87e7be901c92', 67, 2, 'Random review comment for deal 67 and user cbcbb62a-49ca-4dac-887e-87e7be901c92', '2023-12-08 00:00:00'),
-- ('c178cc5a-6ad4-4fd8-a673-c92203cb6b26', 6, 4, 'Random review comment for deal 6 and user c178cc5a-6ad4-4fd8-a673-c92203cb6b26', '2024-01-14 00:00:00'),
-- ('49e9dd44-787d-4f00-aeb2-83bb2e671076', 24, 5, 'Random review comment for deal 24 and user 49e9dd44-787d-4f00-aeb2-83bb2e671076', '2024-06-06 00:00:00'),
-- ('320d6fb8-a05c-4ca3-9518-36fb4f48d7e9', 4, 3, 'Random review comment for deal 4 and user 320d6fb8-a05c-4ca3-9518-36fb4f48d7e9', '2024-01-24 00:00:00'),
-- ('344a289d-6200-4b53-85da-c774ea1f96aa', 39, 2, 'Random review comment for deal 39 and user 344a289d-6200-4b53-85da-c774ea1f96aa', '2023-07-05 00:00:00'),
-- ('bea82191-5609-48aa-9db3-ac891e0449c9', 13, 2, 'Random review comment for deal 13 and user bea82191-5609-48aa-9db3-ac891e0449c9', '2024-11-12 00:00:00'),
-- ('6d5f8e55-4a7a-4c3d-8cd0-d45e21c0b005', 96, 4, 'Random review comment for deal 96 and user 6d5f8e55-4a7a-4c3d-8cd0-d45e21c0b005', '2023-08-08 00:00:00'),
-- ('21ff0069-de62-482e-8ebb-fa8285d03ce5', 33, 2, 'Random review comment for deal 33 and user 21ff0069-de62-482e-8ebb-fa8285d03ce5', '2024-04-07 00:00:00'),
-- ('45ba600d-4f41-4ba3-ab59-9c998a52eb08', 51, 1, 'Random review comment for deal 51 and user 45ba600d-4f41-4ba3-ab59-9c998a52eb08', '2022-08-02 00:00:00'),
-- ('8eabca79-8961-49fc-8416-01094e5905fa', 33, 1, 'Random review comment for deal 33 and user 8eabca79-8961-49fc-8416-01094e5905fa', '2023-12-02 00:00:00'),
-- ('4c708fac-eb6e-4683-80ca-770744710cbf', 92, 2, 'Random review comment for deal 92 and user 4c708fac-eb6e-4683-80ca-770744710cbf', '2023-11-12 00:00:00'),
-- ('0e5644b8-e03c-4936-9781-bb3bf5de4d55', 31, 3, 'Random review comment for deal 31 and user 0e5644b8-e03c-4936-9781-bb3bf5de4d55', '2024-07-09 00:00:00'),
-- ('5e9bf5ab-fce2-4181-b14f-bf74a30d50b4', 82, 3, 'Random review comment for deal 82 and user 5e9bf5ab-fce2-4181-b14f-bf74a30d50b4', '2023-07-13 00:00:00'),
-- ('ce575100-8a73-4af0-9a9d-55fda7259473', 45, 1, 'Random review comment for deal 45 and user ce575100-8a73-4af0-9a9d-55fda7259473', '2023-07-30 00:00:00'),
-- ('72cd3435-9730-4872-9699-d1b549ac4bc3', 37, 1, 'Random review comment for deal 37 and user 72cd3435-9730-4872-9699-d1b549ac4bc3', '2024-05-03 00:00:00'),
-- ('363b2c27-9948-45af-8d03-7d4905366253', 23, 4, 'Random review comment for deal 23 and user 363b2c27-9948-45af-8d03-7d4905366253', '2023-02-16 00:00:00'),
-- ('de0683c9-0774-4679-906a-3c99ee72aea4', 60, 3, 'Random review comment for deal 60 and user de0683c9-0774-4679-906a-3c99ee72aea4', '2022-06-18 00:00:00'),
-- ('a4bf3300-34a7-4f66-8b00-ff5e5985f2a3', 92, 3, 'Random review comment for deal 92 and user a4bf3300-34a7-4f66-8b00-ff5e5985f2a3', '2024-10-29 00:00:00'),
-- ('650116e3-27c6-441b-af25-da845348b39d', 46, 1, 'Random review comment for deal 46 and user 650116e3-27c6-441b-af25-da845348b39d', '2022-07-19 00:00:00'),
-- ('a4bf3300-34a7-4f66-8b00-ff5e5985f2a3', 75, 5, 'Random review comment for deal 75 and user a4bf3300-34a7-4f66-8b00-ff5e5985f2a3', '2023-01-21 00:00:00'),
-- ('f813afa8-7af6-48c4-9351-d8a5a610b061', 69, 5, 'Random review comment for deal 69 and user f813afa8-7af6-48c4-9351-d8a5a610b061', '2023-07-09 00:00:00'),
-- ('b0e2fa66-651e-44fa-9a31-b8d58696ca52', 60, 3, 'Random review comment for deal 60 and user b0e2fa66-651e-44fa-9a31-b8d58696ca52', '2022-12-16 00:00:00'),
-- ('b0e2fa66-651e-44fa-9a31-b8d58696ca52', 79, 1, 'Random review comment for deal 79 and user b0e2fa66-651e-44fa-9a31-b8d58696ca52', '2022-07-26 00:00:00'),
-- ('c178cc5a-6ad4-4fd8-a673-c92203cb6b26', 22, 4, 'Random review comment for deal 22 and user c178cc5a-6ad4-4fd8-a673-c92203cb6b26', '2024-06-13 00:00:00'),
-- ('2ffd098b-2a67-4a1f-abd4-b1b43436c502', 98, 1, 'Random review comment for deal 98 and user 2ffd098b-2a67-4a1f-abd4-b1b43436c502', '2024-07-07 00:00:00'),
-- ('320d6fb8-a05c-4ca3-9518-36fb4f48d7e9', 27, 2, 'Random review comment for deal 27 and user 320d6fb8-a05c-4ca3-9518-36fb4f48d7e9', '2024-04-13 00:00:00'),
-- ('a4bf3300-34a7-4f66-8b00-ff5e5985f2a3', 78, 5, 'Random review comment for deal 78 and user a4bf3300-34a7-4f66-8b00-ff5e5985f2a3', '2024-06-04 00:00:00'),
-- ('fbf6b151-5498-4b3a-8984-5e44b7118b5e', 6, 3, 'Random review comment for deal 6 and user fbf6b151-5498-4b3a-8984-5e44b7118b5e', '2022-11-07 00:00:00'),
-- ('58100edd-e748-4658-86ec-8c6037152eca', 99, 2, 'Random review comment for deal 99 and user 58100edd-e748-4658-86ec-8c6037152eca', '2022-02-15 00:00:00'),
-- ('80967f80-f08e-4f92-8419-7a8f7c35fb11', 96, 4, 'Random review comment for deal 96 and user 80967f80-f08e-4f92-8419-7a8f7c35fb11', '2023-07-03 00:00:00'),
-- ('cbcbb62a-49ca-4dac-887e-87e7be901c92', 89, 5, 'Random review comment for deal 89 and user cbcbb62a-49ca-4dac-887e-87e7be901c92', '2022-08-31 00:00:00'),
-- ('12f032fc-428b-4a59-8f2d-29d8943a4eee', 24, 1, 'Random review comment for deal 24 and user 12f032fc-428b-4a59-8f2d-29d8943a4eee', '2023-08-18 00:00:00'),
-- ('280ab1b6-276b-4e18-af4b-9549757b6133', 12, 3, 'Random review comment for deal 12 and user 280ab1b6-276b-4e18-af4b-9549757b6133', '2023-06-22 00:00:00'),
-- ('21ff0069-de62-482e-8ebb-fa8285d03ce5', 91, 3, 'Random review comment for deal 91 and user 21ff0069-de62-482e-8ebb-fa8285d03ce5', '2024-02-17 00:00:00'),
-- ('8eabca79-8961-49fc-8416-01094e5905fa', 88, 2, 'Random review comment for deal 88 and user 8eabca79-8961-49fc-8416-01094e5905fa', '2024-06-15 00:00:00'),
-- ('d675fd91-1348-4219-beda-d9dc33a7d773', 19, 2, 'Random review comment for deal 19 and user d675fd91-1348-4219-beda-d9dc33a7d773', '2023-07-11 00:00:00'),
-- ('2ffd098b-2a67-4a1f-abd4-b1b43436c502', 80, 5, 'Random review comment for deal 80 and user 2ffd098b-2a67-4a1f-abd4-b1b43436c502', '2023-03-10 00:00:00'),
-- ('f813afa8-7af6-48c4-9351-d8a5a610b061', 62, 4, 'Random review comment for deal 62 and user f813afa8-7af6-48c4-9351-d8a5a610b061', '2022-09-23 00:00:00'),
-- ('1548a7e1-7b04-4ba8-9dc7-f6849bdeb06a', 21, 2, 'Random review comment for deal 21 and user 1548a7e1-7b04-4ba8-9dc7-f6849bdeb06a', '2022-03-31 00:00:00'),
-- ('650116e3-27c6-441b-af25-da845348b39d', 82, 3, 'Random review comment for deal 82 and user 650116e3-27c6-441b-af25-da845348b39d', '2022-02-19 00:00:00'),
-- ('49e9dd44-787d-4f00-aeb2-83bb2e671076', 51, 1, 'Random review comment for deal 51 and user 49e9dd44-787d-4f00-aeb2-83bb2e671076', '2023-05-15 00:00:00'),
-- ('bea82191-5609-48aa-9db3-ac891e0449c9', 21, 4, 'Random review comment for deal 21 and user bea82191-5609-48aa-9db3-ac891e0449c9', '2023-10-31 00:00:00'),
-- ('c178cc5a-6ad4-4fd8-a673-c92203cb6b26', 87, 4, 'Random review comment for deal 87 and user c178cc5a-6ad4-4fd8-a673-c92203cb6b26', '2023-12-23 00:00:00'),
-- ('5a343291-4016-4be2-8f12-29952b6ce893', 16, 5, 'Random review comment for deal 16 and user 5a343291-4016-4be2-8f12-29952b6ce893', '2022-08-15 00:00:00'),
-- ('0d04d8f7-e3ab-4c32-ae62-b24c33f39f8b', 26, 3, 'Random review comment for deal 26 and user 0d04d8f7-e3ab-4c32-ae62-b24c33f39f8b', '2024-07-18 00:00:00'),
-- ('fbde3819-753e-4d55-87bc-f12c45620482', 90, 2, 'Random review comment for deal 90 and user fbde3819-753e-4d55-87bc-f12c45620482', '2023-02-22 00:00:00'),
-- ('80967f80-f08e-4f92-8419-7a8f7c35fb11', 25, 4, 'Random review comment for deal 25 and user 80967f80-f08e-4f92-8419-7a8f7c35fb11', '2022-09-02 00:00:00'),
-- ('12f032fc-428b-4a59-8f2d-29d8943a4eee', 57, 1, 'Random review comment for deal 57 and user 12f032fc-428b-4a59-8f2d-29d8943a4eee', '2022-02-12 00:00:00'),
-- ('b0e2fa66-651e-44fa-9a31-b8d58696ca52', 19, 2, 'Random review comment for deal 19 and user b0e2fa66-651e-44fa-9a31-b8d58696ca52', '2023-05-03 00:00:00'),
-- ('80967f80-f08e-4f92-8419-7a8f7c35fb11', 11, 1, 'Random review comment for deal 11 and user 80967f80-f08e-4f92-8419-7a8f7c35fb11', '2023-01-25 00:00:00'),
-- ('6177816f-5b5f-4844-b551-6bc20756bc8c', 58, 3, 'Random review comment for deal 58 and user 6177816f-5b5f-4844-b551-6bc20756bc8c', '2023-02-27 00:00:00'),
-- ('1eef54f6-86f6-4e1d-8301-0108f0d3e06e', 91, 2, 'Random review comment for deal 91 and user 1eef54f6-86f6-4e1d-8301-0108f0d3e06e', '2024-08-19 00:00:00'),
-- ('a0b56a3d-91e7-4d05-8b86-75f164d5d505', 15, 5, 'Random review comment for deal 15 and user a0b56a3d-91e7-4d05-8b86-75f164d5d505', '2024-12-22 00:00:00'),
-- ('b0e2fa66-651e-44fa-9a31-b8d58696ca52', 3, 1, 'Random review comment for deal 3 and user b0e2fa66-651e-44fa-9a31-b8d58696ca52', '2024-02-26 00:00:00'),
-- ('8eabca79-8961-49fc-8416-01094e5905fa', 37, 3, 'Random review comment for deal 37 and user 8eabca79-8961-49fc-8416-01094e5905fa', '2023-05-07 00:00:00'),
-- ('fbde3819-753e-4d55-87bc-f12c45620482', 35, 1, 'Random review comment for deal 35 and user fbde3819-753e-4d55-87bc-f12c45620482', '2023-03-01 00:00:00'),
-- ('ce575100-8a73-4af0-9a9d-55fda7259473', 42, 4, 'Random review comment for deal 42 and user ce575100-8a73-4af0-9a9d-55fda7259473', '2024-05-19 00:00:00'),
-- ('45ba600d-4f41-4ba3-ab59-9c998a52eb08', 26, 4, 'Random review comment for deal 26 and user 45ba600d-4f41-4ba3-ab59-9c998a52eb08', '2023-02-23 00:00:00'),
-- ('1eef54f6-86f6-4e1d-8301-0108f0d3e06e', 34, 2, 'Random review comment for deal 34 and user 1eef54f6-86f6-4e1d-8301-0108f0d3e06e', '2023-09-06 00:00:00'),
-- ('fbf6b151-5498-4b3a-8984-5e44b7118b5e', 57, 2, 'Random review comment for deal 57 and user fbf6b151-5498-4b3a-8984-5e44b7118b5e', '2022-05-31 00:00:00'),
-- ('9bafa63d-214a-4c4f-90d3-09f81befde85', 23, 4, 'Random review comment for deal 23 and user 9bafa63d-214a-4c4f-90d3-09f81befde85', '2022-10-24 00:00:00'),
-- ('6d5f8e55-4a7a-4c3d-8cd0-d45e21c0b005', 87, 3, 'Random review comment for deal 87 and user 6d5f8e55-4a7a-4c3d-8cd0-d45e21c0b005', '2024-09-04 00:00:00'),
-- ('b0e2fa66-651e-44fa-9a31-b8d58696ca52', 5, 2, 'Random review comment for deal 5 and user b0e2fa66-651e-44fa-9a31-b8d58696ca52', '2023-02-24 00:00:00'),
-- ('fa8b63f1-5767-4de1-90bb-fcf907ac5ee3', 59, 4, 'Random review comment for deal 59 and user fa8b63f1-5767-4de1-90bb-fcf907ac5ee3', '2023-02-24 00:00:00'),
-- ('4c708fac-eb6e-4683-80ca-770744710cbf', 82, 4, 'Random review comment for deal 82 and user 4c708fac-eb6e-4683-80ca-770744710cbf', '2023-06-12 00:00:00'),
-- ('f9d11069-ab59-4098-987e-c19984206d82', 47, 2, 'Random review comment for deal 47 and user f9d11069-ab59-4098-987e-c19984206d82', '2024-02-28 00:00:00'),
-- ('bea82191-5609-48aa-9db3-ac891e0449c9', 53, 5, 'Random review comment for deal 53 and user bea82191-5609-48aa-9db3-ac891e0449c9', '2022-10-25 00:00:00'),
-- ('fa8b63f1-5767-4de1-90bb-fcf907ac5ee3', 26, 4, 'Random review comment for deal 26 and user fa8b63f1-5767-4de1-90bb-fcf907ac5ee3', '2023-07-16 00:00:00'),
-- ('bea82191-5609-48aa-9db3-ac891e0449c9', 93, 4, 'Random review comment for deal 93 and user bea82191-5609-48aa-9db3-ac891e0449c9', '2024-05-24 00:00:00');