DELETE FROM users;

-- Очистка таблицы
INSERT INTO users (
        id,
        name,
        mail,
        password,
        place_service,
        place_review,
        use_service,
        registration_date,
        last_enter,
        last_update
    )
VALUES
    (
        '123e4567-e89b-12d3-a456-426614174000',
        'Oleg',
        'olegbobrik@urk.ua',
        'exsensesium',
        TRUE,
        TRUE,
        TRUE,
        '2014-10-21 12:00:00', 
        '2024-10-25 12:00:00', 
        '2024-10-30 12:00:00' 
    ),
    (
        '123e4567-e89b-12d3-a456-426614174001',
        'Kalok',
        'kalak@mail.ru',
        'jahan',
        TRUE,
        TRUE,
        FALSE,
        '2024-09-20 12:00:00',
        '2024-10-28 12:00:00',
        '2024-10-30 12:00:00' 
    ),
    (
        '123e4567-e89b-12d3-a456-426614174002', 
        'Vladick',
        'vladed@gmail.com',
        'elvlado',
        TRUE,
        FALSE,
        TRUE,
        '2024-07-22 12:00:00', 
        '2024-10-29 12:00:00', 
        '2024-10-30 12:00:00' 
    );

DELETE FROM games;
DELETE FROM services_category;
ALTER SEQUENCE games_id_seq RESTART WITH 1;
ALTER SEQUENCE services_category_id_seq RESTART WITH 1;

INSERT INTO games (name) VALUES ('dota'),('csgo'),('wow');
INSERT INTO services_category (name, game_id) VALUES
('accounts', 1),
('boosr', 1),
('reputation', 1),
('accounts', 2),
('trainig', 2),
('goldsell', 3),
('raidcomplete', 3);

DELETE FROM messages;
ALTER SEQUENCE messages_id_seq RESTART WITH 1;
INSERT INTO messages (sender_id, recipient_id, message_text, send_date) VALUES
('123e4567-e89b-12d3-a456-426614174000', '123e4567-e89b-12d3-a456-426614174002', 'dp1eywg61z', '2024-10-11 22:27:15'),
('123e4567-e89b-12d3-a456-426614174002', '123e4567-e89b-12d3-a456-426614174000', 'iw3uyupi4n', '2024-09-24 22:27:15'),
('123e4567-e89b-12d3-a456-426614174000', '123e4567-e89b-12d3-a456-426614174001', 'a8bn5fdzq1', '2024-10-05 22:27:15'),
('123e4567-e89b-12d3-a456-426614174000', '123e4567-e89b-12d3-a456-426614174001', 'mg20mlblnp', '2024-10-06 22:27:15'),
('123e4567-e89b-12d3-a456-426614174001', '123e4567-e89b-12d3-a456-426614174002', 'cf80ungcmd', '2024-10-03 22:27:15'),
('123e4567-e89b-12d3-a456-426614174002', '123e4567-e89b-12d3-a456-426614174000', '1s5fgk34c7', '2024-09-28 12:40:05'),
('123e4567-e89b-12d3-a456-426614174001', '123e4567-e89b-12d3-a456-426614174002', 'd8hs9wrq43', '2024-09-30 08:25:20'),
('123e4567-e89b-12d3-a456-426614174000', '123e4567-e89b-12d3-a456-426614174001', 'k5bzgwe9a0', '2024-09-26 15:13:35'),
('123e4567-e89b-12d3-a456-426614174001', '123e4567-e89b-12d3-a456-426614174002', 'j8y7r2q64v', '2024-10-01 17:44:50'),
('123e4567-e89b-12d3-a456-426614174000', '123e4567-e89b-12d3-a456-426614174002', 'y6u81xd8q5', '2024-09-15 10:12:40'),
('123e4567-e89b-12d3-a456-426614174002', '123e4567-e89b-12d3-a456-426614174001', 'db23nvz02j', '2024-09-22 06:58:30'),
('123e4567-e89b-12d3-a456-426614174000', '123e4567-e89b-12d3-a456-426614174002', '15hbxp08zq', '2024-10-02 16:40:22'),
('123e4567-e89b-12d3-a456-426614174001', '123e4567-e89b-12d3-a456-426614174002', 'mn5jdcljzk', '2024-09-18 19:04:19'),
('123e4567-e89b-12d3-a456-426614174002', '123e4567-e89b-12d3-a456-426614174001', '5oh9fuxb0e', '2024-09-29 13:25:44'),
('123e4567-e89b-12d3-a456-426614174000', '123e4567-e89b-12d3-a456-426614174002', '62sgzft8ks', '2024-09-25 08:12:10'),
('123e4567-e89b-12d3-a456-426614174002', '123e4567-e89b-12d3-a456-426614174000', 'a6mpt3gevs', '2024-09-21 21:03:04'),
('123e4567-e89b-12d3-a456-426614174001', '123e4567-e89b-12d3-a456-426614174000', 'p7y9al2cwr', '2024-09-14 11:48:59'),
('123e4567-e89b-12d3-a456-426614174001', '123e4567-e89b-12d3-a456-426614174002', '75fz4g3mqb', '2024-10-04 09:18:56'),
('123e4567-e89b-12d3-a456-426614174000', '123e4567-e89b-12d3-a456-426614174001', 'g1d3kzl6v5', '2024-09-13 07:13:29'),
('123e4567-e89b-12d3-a456-426614174002', '123e4567-e89b-12d3-a456-426614174000', '8s27dqfjnt', '2024-09-20 14:25:12'),
('123e4567-e89b-12d3-a456-426614174000', '123e4567-e89b-12d3-a456-426614174001', 'b20pt3vqlr', '2024-10-07 19:55:10'),
('123e4567-e89b-12d3-a456-426614174001', '123e4567-e89b-12d3-a456-426614174002', 't8m0cn9vr3', '2024-09-17 10:33:21'),
('123e4567-e89b-12d3-a456-426614174002', '123e4567-e89b-12d3-a456-426614174000', '8h6we0g5su', '2024-09-19 05:04:47'),
('123e4567-e89b-12d3-a456-426614174001', '123e4567-e89b-12d3-a456-426614174000', 'f4k8jhw30g', '2024-09-12 18:42:38'),
('123e4567-e89b-12d3-a456-426614174002', '123e4567-e89b-12d3-a456-426614174000', 'mc1v9j5ru2', '2024-10-09 12:13:52'),
('123e4567-e89b-12d3-a456-426614174000', '123e4567-e89b-12d3-a456-426614174001', 'r40ew6bkpx', '2024-09-10 08:35:14'),
('123e4567-e89b-12d3-a456-426614174000', '123e4567-e89b-12d3-a456-426614174001', '4p3gokp2sz', '2024-09-08 21:58:07'),
('123e4567-e89b-12d3-a456-426614174002', '123e4567-e89b-12d3-a456-426614174001', 'yx5ns8cwq7', '2024-10-10 22:44:56'),
('123e4567-e89b-12d3-a456-426614174001', '123e4567-e89b-12d3-a456-426614174000', '4zxj87olwm', '2024-10-04 05:57:02'),
('123e4567-e89b-12d3-a456-426614174002', '123e4567-e89b-12d3-a456-426614174001', 'm0ztwq5yo6', '2024-09-11 04:47:50');

DELETE FROM services;
